YSAMP,SAMP_N,GROUP,MONTH
DPN.GNL.2023.002,OD.GNL.2023.001,MACROINVERTEBRATES,
DPN.GNL.2023.002,MO.GNL.2023.002,MACROINVERTEBRATES,
DPN.GNL.2023.002,DI.GNL.2023.003,MACROINVERTEBRATES,
DPN.GNL.2023.002,DI.GNL.2023.004,MACROINVERTEBRATES,
DPN.GNL.2023.002,ME.GNL.2023.005,MACROINVERTEBRATES,
DPN.GNL.2023.001,DI.GNL.2023.006,MACROINVERTEBRATES,
DPN.GNL.2023.001,DI.GNL.2023.007,MACROINVERTEBRATES,
DPN.GNL.2023.001,DI.GNL.2023.008,MACROINVERTEBRATES,
DPN.GNL.2023.001,OD.GNL.2023.009,MACROINVERTEBRATES,
DPN.GNL.2023.001,HE.GNL.2023.010,MACROINVERTEBRATES,
DPN.GNL.2023.001,HE.GNL.2023.010.002,MACROINVERTEBRATES,
DPN.GNL.2023.001,MO.GNL.2023.011,MACROINVERTEBRATES,
SHS.GNL.2023.001,OD.GNL.2023.012,MACROINVERTEBRATES,
SHS.GNL.2023.001,OD.GNL.2023.013,MACROINVERTEBRATES,
SHS.MSL.2023.001,OD.MSL.2023.014,MACROINVERTEBRATES,
SHS.MSL.2023.001,OD.MSL.2023.015,MACROINVERTEBRATES,
SHS.MSL.2023.001,OD.MSL.2023.016,MACROINVERTEBRATES,
SHS.MSL.2023.001,OD.MSL.2023.017,MACROINVERTEBRATES,
SHS.MSL.2023.001,EP.MSL.2023.018,MACROINVERTEBRATES,
SHS.MSL.2023.001,EP.MSL.2023.019,MACROINVERTEBRATES,
SHS.MSL.2023.001,EP.MSL.2023.020,MACROINVERTEBRATES,
SHS.MSL.2023.001,EP.MSL.2023.021,MACROINVERTEBRATES,
SHS.MSL.2023.001,EP.MSL.2023.022,MACROINVERTEBRATES,
SHS.MSL.2023.001,EP.MSL.2023.023,MACROINVERTEBRATES,
SHS.MSL.2023.001,EP.MSL.2023.024,MACROINVERTEBRATES,
SHS.MSL.2023.001,EP.MSL.2023.025,MACROINVERTEBRATES,
SHS.MSL.2023.001,EP.MSL.2023.026,MACROINVERTEBRATES,
SHS.MSL.2023.001,EP.MSL.2023.027,MACROINVERTEBRATES,
SHS.MSL.2023.001,EP.MSL.2023.028,MACROINVERTEBRATES,
SHS.MSL.2023.001,EP.MSL.2023.029,MACROINVERTEBRATES,
SHS.MSL.2023.001,EP.MSL.2023.030,MACROINVERTEBRATES,
SHS.MSL.2023.001,EP.MSL.2023.031,MACROINVERTEBRATES,
SHS.MSL.2023.001,EP.MSL.2023.032,MACROINVERTEBRATES,
SHS.MSL.2023.001,EP.MSL.2023.033,MACROINVERTEBRATES,
SHS.MSL.2023.001,EP.MSL.2023.034,MACROINVERTEBRATES,
SHS.MSL.2023.001,EP.MSL.2023.035,MACROINVERTEBRATES,
SHS.MSL.2023.001,EP.MSL.2023.036,MACROINVERTEBRATES,
SHS.MSL.2023.001,EP.MSL.2023.037,MACROINVERTEBRATES,
SHS.MSL.2023.001,EP.MSL.2023.038,MACROINVERTEBRATES,
SHS.MSL.2023.001,EP.MSL.2023.039,MACROINVERTEBRATES,
SHS.MSL.2023.001,AM.MSL.2023.040,MACROINVERTEBRATES,
DPN.MSL.2023.001,AM.MSL.2023.041,MACROINVERTEBRATES,
DPN.MSL.2023.001,AM.MSL.2023.042,MACROINVERTEBRATES,
DPN.MSL.2023.001,NULL.DEGRADED,MACROINVERTEBRATES,
DPN.MSL.2023.001,MO.MSL.2023.043,MACROINVERTEBRATES,
DPN.MSL.2023.001,OD.MSL.2023.044,MACROINVERTEBRATES,
DPN.MSL.2023.001,OD.MSL.2023.045,MACROINVERTEBRATES,
DPN.MSL.2023.001,OD.MSL.2023.046,MACROINVERTEBRATES,
DPN.MSL.2023.001,OD.MSL.2023.047,MACROINVERTEBRATES,
DPN.MSL.2023.001,OD.MSL.2023.048,MACROINVERTEBRATES,
DPN.MSL.2023.001,TR.MSL.2023.049,MACROINVERTEBRATES,
DPN.MSL.2023.001,EP.MSL.2023.050,MACROINVERTEBRATES,
DPN.MSL.2023.001,EP.MSL.2023.051,MACROINVERTEBRATES,
DPN.MSL.2023.001,EP.MSL.2023.052,MACROINVERTEBRATES,
DPN.MSL.2023.001,TR.MSL.2023.053,MACROINVERTEBRATES,
DPN.MSL.2023.001,NULL.DEGRADED,MACROINVERTEBRATES,
DPN.MSL.2023.001,NULL.DEGRADED,MACROINVERTEBRATES,
DPN.MSL.2023.001,CO.MSL.2023.054,MACROINVERTEBRATES,
DPN.MSL.2023.001,NULL.DEGRADED,MACROINVERTEBRATES,
DPN.MSL.2023.001,CO.MSL.2023.055,MACROINVERTEBRATES,
DPN.LML.2023.001,OD.LML.2023.056,MACROINVERTEBRATES,
DPN.LML.2023.001,OD.LML.2023.057,MACROINVERTEBRATES,
DPN.LML.2023.001,OD.LML.2023.058,MACROINVERTEBRATES,
SHS.ETL.2023.002,EP.ETL.2023.059,MACROINVERTEBRATES,
SHS.ETL.2023.002,EP.ETL.2023.060,MACROINVERTEBRATES,
SHS.ETL.2023.002,EP.ETL.2023.061,MACROINVERTEBRATES,
SHS.ETL.2023.002,EP.ETL.2023.062,MACROINVERTEBRATES,
SHS.ETL.2023.002,EP.ETL.2023.063,MACROINVERTEBRATES,
SHS.ETL.2023.002,HI.ETL.2023.064,MACROINVERTEBRATES,
SHS.ETL.2023.002,EP.ETL.2023.065,MACROINVERTEBRATES,
DPN.LML.2023.001*,EP.LML.2023.066,MACROINVERTEBRATES,
DPN.LML.2023.001*,AM.LML.2023.067,MACROINVERTEBRATES,
DPN.LML.2023.001*,AM.LML.2023.068,MACROINVERTEBRATES,
DPN.LML.2023.001*,AM.LML.2023.069,MACROINVERTEBRATES,
DPN.LML.2023.001*,MO.LML.2023.070,MACROINVERTEBRATES,
DPN.LML.2023.001*,DI.LML.2023.071,MACROINVERTEBRATES,
DPN.LML.2023.001*,DI.LML.2023.072,MACROINVERTEBRATES,
DPN.ETL.2023.001,TR.ETL.2023.73,MACROINVERTEBRATES,
DPN.ETL.2023.001,OD.ETL.2023.74,MACROINVERTEBRATES,
DPN.ETL.2023.001,OD.ETL.2023.75,MACROINVERTEBRATES,
DPN.ETL.2023.001,OD.ETL.2023.76,MACROINVERTEBRATES,
DPN.ETL.2023.001,OD.ETL.2023.77,MACROINVERTEBRATES,
DPN.ETL.2023.001,OD.ETL.2023.78,MACROINVERTEBRATES,
DPN.ETL.2023.001,OD.ETL.2023.79,MACROINVERTEBRATES,
DPN.ETL.2023.001,OD.ETL.2023.80,MACROINVERTEBRATES,
DPN.ETL.2023.001,OD.ETL.2023.81,MACROINVERTEBRATES,
DPN.ETL.2023.001,OD.ETL.2023.82,MACROINVERTEBRATES,
DPN.ETL.2023.001,NULL.DEGRADED,MACROINVERTEBRATES,
DPN.ETL.2023.001,TR.ETL.2023.83,MACROINVERTEBRATES,
DPN.ETL.2023.001,TR.ETL.2023.84,MACROINVERTEBRATES,
DPN.ETL.2023.001,AM.ETL.2023.85,MACROINVERTEBRATES,
DPN.ETL.2023.001,NULL.DEGRADED,MACROINVERTEBRATES,
DPN.ETL.2023.001,IS.ETL.2023.86,MACROINVERTEBRATES,
DPN.ETL.2023.001,EP.ETL.2023.87,MACROINVERTEBRATES,
DPN.ETL.2023.001,IS.ETL.2023.88,MACROINVERTEBRATES,
DPN.ETL.2023.001,IS.ETL.2023.89,MACROINVERTEBRATES,
DPN.ETL.2023.001,IS.ETL.2023.90,MACROINVERTEBRATES,
DPN.ETL.2023.001,IS.ETL.2023.91,MACROINVERTEBRATES,
DPN.ETL.2023.001,EP.ETL.2023.92,MACROINVERTEBRATES,
DPN.ETL.2023.001,EP.ETL.2023.93,MACROINVERTEBRATES,
DPN.ETL.2023.001,EP.ETL.2023.94,MACROINVERTEBRATES,
DPN.ETL.2023.001,EP.ETL.2023.95,MACROINVERTEBRATES,
DPN.ETL.2023.001,TR.ETL.2023.96,MACROINVERTEBRATES,
DPN.ETL.2023.001,CO.ETL.2023.97,MACROINVERTEBRATES,
DPN.ETL.2023.001,DI.ETL.2023.98,MACROINVERTEBRATES,
DPN.ETL.2023.001,AM.ETL.2023.99,MACROINVERTEBRATES,
DPN.ETL.2023.002,OD.ETL.2023.100,MACROINVERTEBRATES,
DPN.ETL.2023.002,OD.ETL.2023.101,MACROINVERTEBRATES,
DPN.ETL.2023.002,NULL.NOID,MACROINVERTEBRATES,
DPN.ETL.2023.002,MO.ETL.2023.102,MACROINVERTEBRATES,
DPN.ETL.2023.002,MO.ETL.2023.103,MACROINVERTEBRATES,
DPN.ETL.2023.002,MO.ETL.2023.104,MACROINVERTEBRATES,
DPN.ETL.2023.002,NULL.DEGRADED,MACROINVERTEBRATES,
DPN.ETL.2023.002,OD.ETL.2023.105,MACROINVERTEBRATES,
DPN.ETL.2023.002,DI.ETL.2023.106,MACROINVERTEBRATES,
DPN.ETL.2023.002,BI.ETL.2023.107,MACROINVERTEBRATES,
DPN.ETL.2023.002,OD.ETL.2023.108,MACROINVERTEBRATES,
DPN.ETL.2023.002,AM.ETL.2023.109,MACROINVERTEBRATES,
DPN.ETL.2023.002,HE.ETL.2023.110,MACROINVERTEBRATES,
DPN.ETL.2023.002,HE.ETL.2023.111,MACROINVERTEBRATES,
SHS.LML.2023.002,EP.LML.2023.112,MACROINVERTEBRATES,
SHS.LML.2023.002,EP.LML.2023.113,MACROINVERTEBRATES,
SHS.LML.2023.002,EP.LML.2023.114,MACROINVERTEBRATES,
SHS.LML.2023.002,EP.LML.2023.115,MACROINVERTEBRATES,
SHS.LML.2023.002,EP.LML.2023.116,MACROINVERTEBRATES,
SHS.LML.2023.002,AM.LML.2023.117,MACROINVERTEBRATES,
SHS.LML.2023.002,EP.LML.2023.118,MACROINVERTEBRATES,
SHS.LML.2023.002,EP.LML.2023.119,MACROINVERTEBRATES,
SHS.LML.2023.002,EP.LML.2023.120,MACROINVERTEBRATES,
SHS.LML.2023.002,EP.LML.2023.121,MACROINVERTEBRATES,
DPN.LML.2023.002,AM.LML.2023.122,MACROINVERTEBRATES,
DPN.LML.2023.002,AM.LML.2023.123,MACROINVERTEBRATES,
DPN.LML.2023.002,NULL.DEGRADED,MACROINVERTEBRATES,
DPN.LML.2023.002,BI.LML.2023.124,MACROINVERTEBRATES,
DPN.LML.2023.002,OD.LML.2023.125,MACROINVERTEBRATES,
DPN.LML.2023.002,DE.LML.2023.126,MACROINVERTEBRATES,
DPN.LML.2023.002,IS.LML.2023.127,MACROINVERTEBRATES,
DPN.LML.2023.002,IS.LML.2023.128,MACROINVERTEBRATES,
SHS.LML.2023.001,EP.LML.2023.129,MACROINVERTEBRATES,
SHS.LML.2023.001,EP.LML.2023.130,MACROINVERTEBRATES,
SHS.LML.2023.001,EP.LML.2023.131,MACROINVERTEBRATES,
SHS.LML.2023.001,EP.LML.2023.132,MACROINVERTEBRATES,
SHS.LML.2023.001,PL.LML.2023.133,MACROINVERTEBRATES,
SHS.LML.2023.001,CO.LML.2023.134,MACROINVERTEBRATES,
SHS.LML.2023.001,NULL.DEGRADED,MACROINVERTEBRATES,
SHS.LML.2023.001,AM.LML.2023.135,MACROINVERTEBRATES,
SHS.LML.2023.001,AM.LML.2023.136,MACROINVERTEBRATES,
SHS.LML.2023.001,NULL.DEGRADED,MACROINVERTEBRATES,
SHS.COM.2023.001,NO INVERTEBRATES,MACROINVERTEBRATES,
SHS.COM.2023.002,DI.COM.2023.137,MACROINVERTEBRATES,
SHS.COM.2023.002,OD.COM.2023.138,MACROINVERTEBRATES,
SHS.COM.2023.002,HI.COM.2023.139,MACROINVERTEBRATES,
DPN.COM.2023.001,OD.COM.2023.140,MACROINVERTEBRATES,
DPN.COM.2023.001,HI.COM.2023.141,MACROINVERTEBRATES,
DPN.COM.2023.001,HI.COM.2023.142,MACROINVERTEBRATES,
DPN.COM.2023.001,TR.COM.2023.143,MACROINVERTEBRATES,
DPN.COM.2023.001,DI.COM.2023.144,MACROINVERTEBRATES,
DPN.COM.2023.001,DI.COM.2023.145,MACROINVERTEBRATES,
DPN.COM.2023.001,DI.COM.2023.146,MACROINVERTEBRATES,
DPN.COM.2023.001,OD.COM.2023.147,MACROINVERTEBRATES,
DPN.COM.2023.001,OD.COM.2023.148,MACROINVERTEBRATES,
DPN.COM.2023.001,OD.COM.2023.149,MACROINVERTEBRATES,
DPN.COM.2023.001,OD.COM.2023.150,MACROINVERTEBRATES,
DPN.COM.2023.001,OD.COM.2023.151,MACROINVERTEBRATES,
DPN.COM.2023.001,OD.COM.2023.152,MACROINVERTEBRATES,
DPN.COM.2023.001,OD.COM.2023.153,MACROINVERTEBRATES,
DPN.COM.2023.001,OD.COM.2023.154,MACROINVERTEBRATES,
DPN.COM.2023.002,OD.COM.2023.155,MACROINVERTEBRATES,
DPN.COM.2023.002,OD.COM.2023.156,MACROINVERTEBRATES,
DPN.COM.2023.002,OD.COM.2023.157,MACROINVERTEBRATES,
DPN.COM.2023.002,DI.COM.2023.158,MACROINVERTEBRATES,
DPN.COM.2023.002,DI.COM.2023.159,MACROINVERTEBRATES,
DPN.COM.2023.002,DI.COM.2023.160,MACROINVERTEBRATES,
DPN.COM.2023.002,DI.COM.2023.161,MACROINVERTEBRATES,
DPN.COM.2023.002,NULL.DEGRADED,MACROINVERTEBRATES,
DPN.COM.2023.002,ME.COM.2023.162,MACROINVERTEBRATES,
DPN.COM.2023.002,HI.COM.2023.163,MACROINVERTEBRATES,
SHS.GNL.2023.002,OD.GNL.2023.164,MACROINVERTEBRATES,
SHS.GNL.2023.002,GA.GNL.2023.165,MACROINVERTEBRATES,
SHS.GNL.2023.002,GA.GNL.2023.166,MACROINVERTEBRATES,
DPN.REL.2023.002,OD.REL.2023.167,MACROINVERTEBRATES,
DPN.REL.2023.002,AM.REL.2023.168,MACROINVERTEBRATES,
DPN.REL.2023.002,GA.REL.2023.169,MACROINVERTEBRATES,
DPN.REL.2023.002,BI.REL.2023.170,MACROINVERTEBRATES,
DPN.REL.2023.002,OD.REL.2023.171,MACROINVERTEBRATES,
DPN.REL.2023.002,OD.REL.2023.172,MACROINVERTEBRATES,
DPN.REL.2023.002,OD.REL.2023.173,MACROINVERTEBRATES,
DPN.REL.2023.002,OD.REL.2023.174,MACROINVERTEBRATES,
DPN.REL.2023.002,OD.REL.2023.175,MACROINVERTEBRATES,
DPN.REL.2023.002,OD.REL.2023.176,MACROINVERTEBRATES,
DPN.REL.2023.002,OD.REL.2023.177,MACROINVERTEBRATES,
DPN.REL.2023.002,OD.REL.2023.178,MACROINVERTEBRATES,
DPN.REL.2023.002,EP.REL.2023.179,MACROINVERTEBRATES,
DPN.REL.2023.002,HY.REL.2023.180,MACROINVERTEBRATES,
DPN.REL.2023.002,GA.REL.2023.181,MACROINVERTEBRATES,
DPN.REL.2023.002,GA.REL.2023.181,MACROINVERTEBRATES,
DPN.REL.2023.002,OD.REL.2023.182,MACROINVERTEBRATES,
DPN.REL.2023.002,OD.REL.2023.183,MACROINVERTEBRATES,
DPN.REL.2023.002,OD.REL.2023.184,MACROINVERTEBRATES,
SHS.REL.2023.002,EP.REL.2023.185,MACROINVERTEBRATES,
SHS.REL.2023.002,AM.REL.2023.186,MACROINVERTEBRATES,
SHS.REL.2023.002,HI.REL.2023.187,MACROINVERTEBRATES,
SHS.REL.2023.002,GA.REL.2023.188,MACROINVERTEBRATES,
DPN.REL.2023.001,OD.REL.2023.189,MACROINVERTEBRATES,
DPN.REL.2023.001,OD.REL.2023.190,MACROINVERTEBRATES,
DPN.REL.2023.001,OD.REL.2023.191,MACROINVERTEBRATES,
DPN.REL.2023.001,OD.REL.2023.192,MACROINVERTEBRATES,
DPN.REL.2023.001,AM.REL.2023.193,MACROINVERTEBRATES,
SHS.REL.2023.003,OD.REL.2023.194,MACROINVERTEBRATES,
SHS.REL.2023.003,EP.REL.2023.195,MACROINVERTEBRATES,
SHS.REL.2023.003,CO.REL.2023.196,MACROINVERTEBRATES,
SHS.REL.2023.003,GA.REL.2023.197,MACROINVERTEBRATES,
SHS.REL.2023.003,AM.REL.2023.198,MACROINVERTEBRATES,
DPN.REL.2023.002,OD.REL.2023.199,MACROINVERTEBRATES,
DPN.REL.2023.002,OD.REL.2023.200,MACROINVERTEBRATES,
DPN.REL.2023.002,GA.REL.2023.201,MACROINVERTEBRATES,
DPN.REL.2023.002,GA.REL.2023.202,MACROINVERTEBRATES,
DPN.REL.2023.002,GA.REL.2023.203,MACROINVERTEBRATES,
DPN.REL.2023.002,EP.REL.2023.204,MACROINVERTEBRATES,
DPN.REL.2023.002,EP.REL.2023.205,MACROINVERTEBRATES,
DPN.REL.2023.002,CO.REL.2023.206,MACROINVERTEBRATES,
DPN.REL.2023.002,OD.REL.2023.207,MACROINVERTEBRATES,
DPN.REL.2023.002,OD.REL.2023.208,MACROINVERTEBRATES,
DPN.REL.2023.002,GA.REL.2023.209,MACROINVERTEBRATES,
DPN.REL.2023.002,OD.REL.2023.210,MACROINVERTEBRATES,
DPN.REL.2023.002,OD.REL.2023.211,MACROINVERTEBRATES,
DPN.REL.2023.002,AM.REL.2023.212,MACROINVERTEBRATES,
DPN.REL.2023.002,EP.REL.2023.213,MACROINVERTEBRATES,
DPN.REL.2023.002,GA.REL.2023.214,MACROINVERTEBRATES,
SHS.UCL.2023.001,EP.UCL.2023.215,MACROINVERTEBRATES,
SHS.UCL.2023.001,EP.UCL.2023.216,MACROINVERTEBRATES,
SHS.UCL.2023.001,EP.UCL.2023.217,MACROINVERTEBRATES,
SHS.UCL.2023.001,TR.UCL.2023.218,MACROINVERTEBRATES,
SHS.UCL.2023.001,TR.UCL.2023.219,MACROINVERTEBRATES,
SHS.UCL.2023.002,TR.UCL.2023.220,MACROINVERTEBRATES,
SHS.UCL.2023.002,EP.UCL.2023.221,MACROINVERTEBRATES,
SHS.UCL.2023.003,DE.UCL.2023.222,MACROINVERTEBRATES,
SHS.UCL.2023.003,DE.UCL.2023.223,MACROINVERTEBRATES,
SHS.UCL.2023.004,EP.UCL.2023.224,MACROINVERTEBRATES,
SHS.UCL.2023.004,EP.UCL.2023.225,MACROINVERTEBRATES,
SHS.UCL.2023.005,EP.UCL.2023.226,MACROINVERTEBRATES,
SHS.UCL.2023.005,EP.UCL.2023.227,MACROINVERTEBRATES,
SHS.UCL.2023.005,EP.UCL.2023.228,MACROINVERTEBRATES,
SHS.UCL.2023.005,EP.UCL.2023.229,MACROINVERTEBRATES,
SHS.UCL.2023.006,TR.UCL.2023.230,MACROINVERTEBRATES,
SHS.UCL.2023.006,TR.UCL.2023.231,MACROINVERTEBRATES,
SHS.UCL.2023.006,EP.UCL.2023.232,MACROINVERTEBRATES,
SHS.UCL.2023.006,EP.UCL.2023.233,MACROINVERTEBRATES,
SHS.UCL.2023.006,EP.UCL.2023.234,MACROINVERTEBRATES,
SHS.UCL.2023.006,EP.UCL.2023.235,MACROINVERTEBRATES,
DPN.UCL.2023.001,OD.UCL.2023.236,MACROINVERTEBRATES,
DPN.UCL.2023.001,OD.UCL.2023.237,MACROINVERTEBRATES,
DPN.UCL.2023.001,EP.UCL.2023.238,MACROINVERTEBRATES,
DPN.UCL.2023.001,EP.UCL.2023.239,MACROINVERTEBRATES,
DPN.UCL.2023.001,EP.UCL.2023.240,MACROINVERTEBRATES,
DPN.UCL.2023.001,EP.UCL.2023.241,MACROINVERTEBRATES,
DPN.UCL.2023.001,MO.UCL.2023.242,MACROINVERTEBRATES,
DPN.UCL.2023.001,TR.UCL.2023.243,MACROINVERTEBRATES,
DPN.UCL.2023.001,CO.UCL.2023.244,MACROINVERTEBRATES,
DPN.UCL.2023.002,OD.UCL.2023.245,MACROINVERTEBRATES,
DPN.UCL.2023.002,OD.UCL.2023.246,MACROINVERTEBRATES,
DPN.UCL.2023.002,EP.UCL.2023.247,MACROINVERTEBRATES,
DPN.UCL.2023.002,EP.UCL.2023.248,MACROINVERTEBRATES,
DPN.UCL.2023.002,EP.UCL.2023.249,MACROINVERTEBRATES,
DPN.UCL.2023.002,EP.UCL.2023.250,MACROINVERTEBRATES,
DPN.UCL.2023.002,EP.UCL.2023.251,MACROINVERTEBRATES,
DPN.UCL.2023.002,GA.UCL.2023.252,MACROINVERTEBRATES,
DPN.UCL.2023.002,NULL,MACROINVERTEBRATES,
SHS.HTL.2023.001,AN.HTL.2023.253,MACROINVERTEBRATES,
SHS.HTL.2023.001,EP.HTL.2023.254,MACROINVERTEBRATES,
SHS.HTL.2023.001,EP.HTL.2023.255,MACROINVERTEBRATES,
SHS.HTL.2023.001,EP.HTL.2023.256,MACROINVERTEBRATES,
SHS.HTL.2023.001,EP.HTL.2023.257,MACROINVERTEBRATES,
SHS.HTL.2023.001,EP.HTL.2023.258,MACROINVERTEBRATES,
SHS.HTL.2023.001,GA.HTL.2023.259,MACROINVERTEBRATES,
SHS.HTL.2023.001,GA.HTL.2023.260,MACROINVERTEBRATES,
SHS.HTL.2023.001,HI.HTL.2023.261,MACROINVERTEBRATES,
SHS.HTL.2023.001,OD.HTL.2023.262,MACROINVERTEBRATES,
SHS.HTL.2023.002,EP.HTL.2023.263,MACROINVERTEBRATES,
SHS.HTL.2023.002,EP.HTL.2023.264,MACROINVERTEBRATES,
SHS.HTL.2023.002,EP.HTL.2023.265,MACROINVERTEBRATES,
SHS.HTL.2023.002,EP.HTL.2023.266,MACROINVERTEBRATES,
SHS.HTL.2023.002,EP.HTL.2023.267,MACROINVERTEBRATES,
SHS.HTL.2023.002,EP.HTL.2023.268,MACROINVERTEBRATES,
SHS.HTL.2023.002,EP.HTL.2023.269,MACROINVERTEBRATES,
SHS.HTL.2023.002,NULL,MACROINVERTEBRATES,
SHS.HTL.2023.002,NULL,MACROINVERTEBRATES,
SHS.HTL.2023.002,HI.HTL.2023.270,MACROINVERTEBRATES,
DPN.HTL.2023.003,OD.HTL.2023.271,MACROINVERTEBRATES,
DPN.HTL.2023.003,EP.HTL.2023.272,MACROINVERTEBRATES,
DPN.HTL.2023.003,EP.HTL.2023.273,MACROINVERTEBRATES,
DPN.HTL.2023.003,OD.HTL.2023.274,MACROINVERTEBRATES,
DPN.HTL.2023.003,OD.HTL.2023.275,MACROINVERTEBRATES,
DPN.HTL.2023.003,DI.HTL.2023.276,MACROINVERTEBRATES,
DPN.HTL.2023.003,GA.HTL.2023.277,MACROINVERTEBRATES,
DPN.HTL.2023.003,EP.HTL.2023.278,MACROINVERTEBRATES,
DPN.HTL.2023.003X,EP.HTL.2023.279,MACROINVERTEBRATES,
DPN.HTL.2023.003X,EP.HTL.2023.280,MACROINVERTEBRATES,
DPN.HTL.2023.003X,EP.HTL.2023.281,MACROINVERTEBRATES,
DPN.HTL.2023.003X,EP.HTL.2023.282,MACROINVERTEBRATES,
DPN.HTL.2023.003X,EP.HTL.2023.283,MACROINVERTEBRATES,
DPN.HTL.2023.003X,EP.HTL.2023.284,MACROINVERTEBRATES,
DPN.HTL.2023.003X,EP.HTL.2023.285,MACROINVERTEBRATES,
DPN.HTL.2023.003X,TR.HTL.2023.286,MACROINVERTEBRATES,
DPN.HTL.2023.003X,AM.HTL.2023.287,MACROINVERTEBRATES,
DPH.HTL.2023.004,OD.HTL.2023.288,MACROINVERTEBRATES,
DPH.HTL.2023.004,OD.HTL.2023.289,MACROINVERTEBRATES,
DPH.HTL.2023.004,OD.HTL.2023.290,MACROINVERTEBRATES,
DPH.HTL.2023.004,OD.HTL.2023.291,MACROINVERTEBRATES,
DPH.HTL.2023.004,OD.HTL.2023.292,MACROINVERTEBRATES,
DPH.HTL.2023.004,OD.HTL.2023.293,MACROINVERTEBRATES,
DPH.HTL.2023.004,HI.HTL.2023.294,MACROINVERTEBRATES,
DPH.HTL.2023.004,HE.HTL.2023.295,MACROINVERTEBRATES,
DPH.HTL.2023.004,AM.HTL.2023.296,MACROINVERTEBRATES,
DPH.HTL.2023.004,GA.HTL.2023.297,MACROINVERTEBRATES,
DPH.HTL.2023.004,GA.HTL.2023.298,MACROINVERTEBRATES,
DPH.HTL.2023.004,GA.HTL.2023.299,MACROINVERTEBRATES,
DPH.HTL.2023.004,GA.HTL.2023.300,MACROINVERTEBRATES,
DPH.HTL.2023.004,GA.HTL.2023.301,MACROINVERTEBRATES,
DPH.HTL.2023.004,GA.HTL.2023.302,MACROINVERTEBRATES,
DPH.HTL.2023.004,GA.HTL.2023.303,MACROINVERTEBRATES,
DPN.HTL.2023.005,OD.HTL.2023.304,MACROINVERTEBRATES,
DPN.HTL.2023.005,OD.HTL.2023.305,MACROINVERTEBRATES,
DPN.HTL.2023.005,OD.HTL.2023.306,MACROINVERTEBRATES,
DPN.HTL.2023.005,OD.HTL.2023.307,MACROINVERTEBRATES,
DPN.HTL.2023.005,OD.HTL.2023.308,MACROINVERTEBRATES,
DPN.HTL.2023.005,OD.HTL.2023.309,MACROINVERTEBRATES,
DPN.HTL.2023.005,OD.HTL.2023.310,MACROINVERTEBRATES,
DPN.HTL.2023.005,OD.HTL.2023.311,MACROINVERTEBRATES,
DPN.HTL.2023.005,EP.HTL.2023.312,MACROINVERTEBRATES,
DPN.HTL.2023.006,OD.HTL.2023.313,MACROINVERTEBRATES,
DPN.HTL.2023.006,OD.HTL.2023.314,MACROINVERTEBRATES,
DPN.HTL.2023.006,HI.HTL.2023.315,MACROINVERTEBRATES,
DPN.HTL.2023.006,EP.HTL.2023.316,MACROINVERTEBRATES,
DPN.HTL.2023.006,EP.HTL.2023.317,MACROINVERTEBRATES,
DPN.HTL.2023.006,EP.HTL.2023.318,MACROINVERTEBRATES,
DPN.HTL.2023.006,EP.HTL.2023.319,MACROINVERTEBRATES,
DPN.HTL.2023.006,EP.HTL.2023.320,MACROINVERTEBRATES,
DPH.HTL.2023.004,GA.HTL.2023.321,MACROINVERTEBRATES,
DPH.HTL.2023.004,GA.HTL.2023.322,MACROINVERTEBRATES,
DPH.HTL.2023.004,NULL.VOUCHER,MACROINVERTEBRATES,
DPH.HTL.2023.004,NULL.VOUCHER,MACROINVERTEBRATES,
DPN.SEL.2023.001,OD.SEL.2023.323,MACROINVERTEBRATES,
DPN.SEL.2023.001,OD.SEL.2023.324,MACROINVERTEBRATES,
DPN.SEL.2023.001,OD.SEL.2023.325,MACROINVERTEBRATES,
DPN.SEL.2023.001,OD.SEL.2023.326,MACROINVERTEBRATES,
DPN.SEL.2023.001,OD.SEL.2023.327,MACROINVERTEBRATES,
DPN.SEL.2023.001,OD.SEL.2023.328,MACROINVERTEBRATES,
DPN.SEL.2023.001,OD.SEL.2023.329,MACROINVERTEBRATES,
DPN.SEL.2023.001,OD.SEL.2023.330,MACROINVERTEBRATES,
DPN.SEL.2023.001,EP.SEL.2023.331,MACROINVERTEBRATES,
SHS.SEL.2023.001,EP.SEL.2023.332,MACROINVERTEBRATES,
SHS.SEL.2023.001,EP.SEL.2023.333,MACROINVERTEBRATES,
SHS.SEL.2023.001,EP.SEL.2023.334,MACROINVERTEBRATES,
SHS.SEL.2023.001,EP.SEL.2023.335,MACROINVERTEBRATES,
SHS.SEL.2023.001,EP.SEL.2023.336,MACROINVERTEBRATES,
SHS.SEL.2023.001,EP.SEL.2023.337,MACROINVERTEBRATES,
SHS.SEL.2023.001,EP.SEL.2023.338,MACROINVERTEBRATES,
SHS.SEL.2023.001,EP.SEL.2023.339,MACROINVERTEBRATES,
SHS.SEL.2023.001,OD.SEL.2023.340,MACROINVERTEBRATES,
DPN.SEL.2023.002,OD.SEL.2023.341,MACROINVERTEBRATES,
DPN.SEL.2023.002,EP.SEL.2023.342,MACROINVERTEBRATES,
DPN.SEL.2023.002,EP.SEL.2023.343,MACROINVERTEBRATES,
DPN.SEL.2023.002,OD.SEL.2023.344,MACROINVERTEBRATES,
DPN.SEL.2023.003,OD.SEL.2023.345,MACROINVERTEBRATES,
DPN.SEL.2023.003,OD.SEL.2023.346,MACROINVERTEBRATES,
DPN.SEL.2023.003,OD.SEL.2023.347,MACROINVERTEBRATES,
SHS.SEL.2023.002,EP.SEL.2023.348,MACROINVERTEBRATES,
SHS.SEL.2023.002,EP.SEL.2023.349,MACROINVERTEBRATES,
SHS.SEL.2023.002,EP.SEL.2023.350,MACROINVERTEBRATES,
SHS.SEL.2023.002,EP.SEL.2023.351,MACROINVERTEBRATES,
SHS.SEL.2023.002,EP.SEL.2023.352,MACROINVERTEBRATES,
SHS.SEL.2023.002,CO.SEL.2023.353,MACROINVERTEBRATES,
SHS.SEL.2023.003,EP.SEL.2023.354,MACROINVERTEBRATES,
SHS.SEL.2023.003,EP.SEL.2023.355,MACROINVERTEBRATES,
SHS.SEL.2023.003,EP.SEL.2023.356,MACROINVERTEBRATES,
SHS.SEL.2023.003,EP.SEL.2023.357,MACROINVERTEBRATES,
SHS.SEL.2023.003,EP.SEL.2023.358,MACROINVERTEBRATES,
SHS.SEL.2023.003,CO.SEL.2023.353,MACROINVERTEBRATES,
SHS.SEL.2023.003,TR.SEL.2023.359,MACROINVERTEBRATES,
SHS.SEL.2023.003,BI.SEL.2023.360,MACROINVERTEBRATES,
SHS.ECL.2023.002,DI.ECL.2023.361,MACROINVERTEBRATES,
SHS.ECL.2023.002,OD.ECL.2023.362,MACROINVERTEBRATES,
SHS.ECL.2023.002,OD.ECL.2023.363,MACROINVERTEBRATES,
SHS.ECL.2023.002,OD.ECL.2023.364,MACROINVERTEBRATES,
SHS.ECL.2023.002,OD.ECL.2023.365,MACROINVERTEBRATES,
SHS.ECL.2023.001,DI.ECL.2023.366,MACROINVERTEBRATES,
SHS.ECL.2023.001,OD.ECL.2023.367,MACROINVERTEBRATES,
SHS.ECL.2023.001,OD.ECL.2023.368,MACROINVERTEBRATES,
SHS.ECL.2023.001,OD.ECL.2023.369,MACROINVERTEBRATES,
SHS.ECL.2023.003,DI.ECL.2023.370,MACROINVERTEBRATES,
SHS.ECL.2023.004,DI.ECL.2023.370,MACROINVERTEBRATES,
DPN.ECL.2023.001,OD.ECL.2023.371,MACROINVERTEBRATES,
DPN.ECL.2023.001,OD.ECL.2023.372,MACROINVERTEBRATES,
DPN.ECL.2023.001,CO.ECL.2023.373,MACROINVERTEBRATES,
DPN.ECL.2023.001,HE.ECL.2023.374,MACROINVERTEBRATES,
DPN.ECL.2023.001,UNIDENTIFIED,MACROINVERTEBRATES,
DPN.ECL.2023.002,DI.ECL.2023.370,MACROINVERTEBRATES,
DPN.ECL.2023.002,OD.ECL.2023.375,MACROINVERTEBRATES,
DPN.ECL.2023.002,HE.ECL.2023.376,MACROINVERTEBRATES,
DPN.ECL.2023.002,HE.ECL.2023.377,MACROINVERTEBRATES,
DPN.ECL.2023.003,NULL.DEGRADED,MACROINVERTEBRATES,
DPN.ECL.2023.003,HE.ECL.2023.378,MACROINVERTEBRATES,
DPN.ECL.2023.003,DI.ECL.2023.379,MACROINVERTEBRATES,
DPN.ECL.2023.003,OD.ECL.2023.380,MACROINVERTEBRATES,
DPN.ECL.2023.004,OD.ECL.2023.381,MACROINVERTEBRATES,
DPN.ECL.2023.004,OD.ECL.2023.382,MACROINVERTEBRATES,
DPN.ECL.2023.004,OD.ECL.2023.383,MACROINVERTEBRATES,
DPN.ECL.2023.004,OD.ECL.2023.384,MACROINVERTEBRATES,
SHS.MSL.2023.002,EP.MSL.2023.385,MACROINVERTEBRATES,
SHS.MSL.2023.002,EP.MSL.2023.386,MACROINVERTEBRATES,
SHS.MSL.2023.002,EP.MSL.2023.387,MACROINVERTEBRATES,
SHS.MSL.2023.002,EP.MSL.2023.388,MACROINVERTEBRATES,
SHS.MSL.2023.002,EP.MSL.2023.389,MACROINVERTEBRATES,
SHS.MSL.2023.002,EP.MSL.2023.390,MACROINVERTEBRATES,
SHS.MSL.2023.002,EP.MSL.2023.391,MACROINVERTEBRATES,
SHS.MSL.2023.002,EP.MSL.2023.392,MACROINVERTEBRATES,
SHS.MSL.2023.002,EP.MSL.2023.393,MACROINVERTEBRATES,
SHS.MSL.2023.002,EP.MSL.2023.394,MACROINVERTEBRATES,
SHS.MSL.2023.002,EP.MSL.2023.395,MACROINVERTEBRATES,
SHS.MSL.2023.002,OD.MSL.2023.396,MACROINVERTEBRATES,
SHS.MSL.2023.002,OD.MSL.2023.397,MACROINVERTEBRATES,
SHS.MSL.2023.002,OD.MSL.2023.398,MACROINVERTEBRATES,
SHS.MSL.2023.002,OD.MSL.2023.399,MACROINVERTEBRATES,
SHS.MSL.2023.002,AM.MSL.2023.400,MACROINVERTEBRATES,
SHS.MSL.2023.002,CO.MSL.2023.401,MACROINVERTEBRATES,
SHS.MSL.2023.002,GA.MSL.2023.402,MACROINVERTEBRATES,
DPN.MSL.2023.002,AM.MSL.2023.403,MACROINVERTEBRATES,
DPN.MSL.2023.002,OD.MSL.2023.404,MACROINVERTEBRATES,
DPN.MSL.2023.002,OD.MSL.2023.405,MACROINVERTEBRATES,
DPN.MSL.2023.002,OD.MSL.2023.406,MACROINVERTEBRATES,
DPN.MSL.2023.002,OD.MSL.2023.407,MACROINVERTEBRATES,
DPN.MSL.2023.002,TR.MSL.2023.408,MACROINVERTEBRATES,
SHS.LCL.2023.001,HE.LCL.2023.409,MACROINVERTEBRATES,
SHS.LCL.2023.001,NULL.DEGRADED,MACROINVERTEBRATES,
DPN.LCL.2023.001,OD.LCL.2023.410,MACROINVERTEBRATES,
DPN.LCL.2023.001,OD.LCL.2023.411,MACROINVERTEBRATES,
DPN.LCL.2023.001,OD.LCL.2023.412,MACROINVERTEBRATES,
DPN.LCL.2023.001,OD.LCL.2023.413,MACROINVERTEBRATES,
DPN.LCL.2023.001,OD.LCL.2023.414,MACROINVERTEBRATES,
DPN.LCL.2023.001,OD.LCL.2023.415,MACROINVERTEBRATES,
DPN.LCL.2023.001,OD.LCL.2023.416,MACROINVERTEBRATES,
DPN.LCL.2023.001,OD.LCL.2023.417,MACROINVERTEBRATES,
DPN.LCL.2023.001,OD.LCL.2023.418,MACROINVERTEBRATES,
DPN.LCL.2023.001,NULL.DEGRADED,MACROINVERTEBRATES,
DPN.LCL.2023.001,HE.LCL.2023.419,MACROINVERTEBRATES,
DPN.LCL.2023.003,OD.LCL.2023.420,MACROINVERTEBRATES,
DPN.LCL.2023.003,OD.LCL.2023.421,MACROINVERTEBRATES,
DPN.LCL.2023.003,OD.LCL.2023.422,MACROINVERTEBRATES,
DPN.LCL.2023.003,OD.LCL.2023.423,MACROINVERTEBRATES,
DPN.LCL.2023.003,OD.LCL.2023.424,MACROINVERTEBRATES,
DPN.LCL.2023.003,OD.LCL.2023.425,MACROINVERTEBRATES,
DPN.LCL.2023.003,OD.LCL.2023.426,MACROINVERTEBRATES,
DPN.LCL.2023.003,EP.LCL.2023.427,MACROINVERTEBRATES,
DPN.LCL.2023.003,HE.LCL.2023.428,MACROINVERTEBRATES,
DPN.LCL.2023.002,HE.LCL.2023.429,MACROINVERTEBRATES,
DPN.LCL.2023.002,HE.LCL.2023.430,MACROINVERTEBRATES,
DPN.LCL.2023.002,EP.LCL.2023.427,MACROINVERTEBRATES,
DPN.LCL.2023.002,HE.LCL.2023.431,MACROINVERTEBRATES,
DPN.LCL.2023.002,HE.LCL.2023.432,MACROINVERTEBRATES,
DPN.LCL.2023.002,OD.LCL.2023.433,MACROINVERTEBRATES,
DPN.LCL.2023.002,OD.LCL.2023.434,MACROINVERTEBRATES,
DPN.LCL.2023.002,OD.LCL.2023.435,MACROINVERTEBRATES,
DPN.LCL.2023.002,OD.LCL.2023.436,MACROINVERTEBRATES,
SHS.DTL.2023.002,EP.DTL.2023.437,MACROINVERTEBRATES,
SHS.DTL.2023.002,EP.DTL.2023.438,MACROINVERTEBRATES,
SHS.DTL.2023.002,EP.DTL.2023.439,MACROINVERTEBRATES,
SHS.DTL.2023.002,EP.DTL.2023.440,MACROINVERTEBRATES,
SHS.DTL.2023.002,EP.DTL.2023.441,MACROINVERTEBRATES,
SHS.DTL.2023.002,EP.DTL.2023.442,MACROINVERTEBRATES,
SHS.DTL.2023.002,EP.DTL.2023.443,MACROINVERTEBRATES,
SHS.DTL.2023.002,EP.DTL.2023.444,MACROINVERTEBRATES,
SHS.DTL.2023.002,EP.DTL.2023.445,MACROINVERTEBRATES,
SHS.DTL.2023.002,CO.DTL.2023.446,MACROINVERTEBRATES,
DPN.DTL.2023.002,TR.DTL.2023.447,MACROINVERTEBRATES,
DPN.DTL.2023.002,TR.DTL.2023.448,MACROINVERTEBRATES,
DPN.DTL.2023.002,CO.DTL.2023.449,MACROINVERTEBRATES,
DPN.DTL.2023.002,AM.DTL.2023.450,MACROINVERTEBRATES,
DPN.DTL.2023.002,EP.DTL.2023.451,MACROINVERTEBRATES,
DPN.DTL.2023.002,EP.DTL.2023.452,MACROINVERTEBRATES,
DPN.DTL.2023.002,OD.DTL.2023.453,MACROINVERTEBRATES,
DPN.DTL.2023.002,OD.DTL.2023.454,MACROINVERTEBRATES,
DPN.DTL.2023.002,OD.DTL.2023.455,MACROINVERTEBRATES,
DPN.DTL.2023.002,OD.DTL.2023.456,MACROINVERTEBRATES,
DPN.DTL.2023.002,EP.DTL.2023.457,MACROINVERTEBRATES,
DPN.DTL.2023.002,OD.DTL.2023.458,MACROINVERTEBRATES,
DPN.DTL.2023.002,OD.DTL.2023.459,MACROINVERTEBRATES,
DPN.DTL.2023.002,OD.DTL.2023.460,MACROINVERTEBRATES,
DPN.DTL.2023.002,OD.DTL.2023.461,MACROINVERTEBRATES,
DPN.DTL.2023.002,GA.DTL.2023.462,MACROINVERTEBRATES,
DPN.DTL.2023.004,EP.DTL.2023.463,MACROINVERTEBRATES,
DPN.DTL.2023.004,TR.DTL.2023.464,MACROINVERTEBRATES,
DPN.DTL.2023.004,TR.DTL.2023.465,MACROINVERTEBRATES,
DPN.DTL.2023.004,TR.DTL.2023.466,MACROINVERTEBRATES,
DPN.DTL.2023.004,GA.DTL.2023.467,MACROINVERTEBRATES,
DPN.DTL.2023.004,DI.DTL.2023.468,MACROINVERTEBRATES,
SHS.DTL.2023.004,EP.DTL.2023.469,MACROINVERTEBRATES,
SHS.DTL.2023.004,TR.DTL.2023.470,MACROINVERTEBRATES,
SHS.DTL.2023.004,TR.DTL.2023.471,MACROINVERTEBRATES,
SHS.DTL.2023.004,TR.DTL.2023.472,MACROINVERTEBRATES,
SHS.DTL.2023.004,TR.DTL.2023.473,MACROINVERTEBRATES,
SHS.DTL.2023.004,TR.DTL.2023.474,MACROINVERTEBRATES,
SHS.DTL.2023.004,TR.DTL.2023.475,MACROINVERTEBRATES,
SHS.DTL.2023.004,NULL.DEGRADED,MACROINVERTEBRATES,
SHS.DTL.2023.001,OD.DTL.2023.476,MACROINVERTEBRATES,
SHS.DTL.2023.001,OD.DTL.2023.477,MACROINVERTEBRATES,
SHS.DTL.2023.001,GA.DTL.2023.478,MACROINVERTEBRATES,
SHS.DTL.2023.001,TR.DTL.2023.479,MACROINVERTEBRATES,
DPN.DTL.2023.001,OD.DTL.2023.480,MACROINVERTEBRATES,
DPN.DTL.2023.001,OD.DTL.2023.481,MACROINVERTEBRATES,
DPN.DTL.2023.001,OD.DTL.2023.482,MACROINVERTEBRATES,
DPN.DTL.2023.001,OD.DTL.2023.483,MACROINVERTEBRATES,
DPN.DTL.2023.001,OD.DTL.2023.484,MACROINVERTEBRATES,
DPN.DTL.2023.001,OD.DTL.2023.485,MACROINVERTEBRATES,
DPN.DTL.2023.001,OD.DTL.2023.486,MACROINVERTEBRATES,
DPN.DTL.2023.001,OD.DTL.2023.487,MACROINVERTEBRATES,
DPN.DTL.2023.001,OD.DTL.2023.488,MACROINVERTEBRATES,
DPN.DTL.2023.001,AM.DTL.2023.489,MACROINVERTEBRATES,
DPN.DTL.2023.001,DI.DTL.2023.490,MACROINVERTEBRATES,
DPN.DTL.2023.001,EP.DTL.2023.491,MACROINVERTEBRATES,
DPN.DTL.2023.001,EP.DTL.2023.492,MACROINVERTEBRATES,
DPN.DTL.2023.001,NULL.LOST,MACROINVERTEBRATES,
DPN.DTL.2023.003,EP.DTL.2023.493,MACROINVERTEBRATES,
DPN.DTL.2023.003,OD.DTL.2023.494,MACROINVERTEBRATES,
DPN.DTL.2023.003,OD.DTL.2023.495,MACROINVERTEBRATES,
DPN.DTL.2023.003,OD.DTL.2023.496,MACROINVERTEBRATES,
DPN.DTL.2023.003,OD.DTL.2023.497,MACROINVERTEBRATES,
DPN.DTL.2023.003,HE.DTL.2023.498,MACROINVERTEBRATES,
SHS.DTL.2023.005,EP.DTL.2023.499,MACROINVERTEBRATES,
SHS.DTL.2023.005,EP.DTL.2023.500,MACROINVERTEBRATES,
SHS.DTL.2023.005,EP.DTL.2023.501,MACROINVERTEBRATES,
SHS.MSL.2023.003,EP.MSL.2023.502,MACROINVERTEBRATES,
SHS.MSL.2023.003,EP.MSL.2023.503,MACROINVERTEBRATES,
SHS.MSL.2023.003,GA.MSL.2023.504,MACROINVERTEBRATES,
SHS.MSL.2023.003,GA.MSL.2023.505,MACROINVERTEBRATES,
SHS.MSL.2023.003,AM.MSL.2023.506,MACROINVERTEBRATES,
DPN.MSL.2023.003,EP.MSL.2023.507,MACROINVERTEBRATES,
DPN.MSL.2023.003,CO.MSL.2023.508,MACROINVERTEBRATES,
DPN.MSL.2023.003,EP.MSL.2023.509,MACROINVERTEBRATES,
DPN.MSL.2023.003,AM.MSL.2023.510,MACROINVERTEBRATES,
DPN.MSL.2023.003,GA.MSL.2023.511,MACROINVERTEBRATES,
DPN.MSL.2023.003,GA.MSL.2023.512,MACROINVERTEBRATES,
DPN.MSL.2023.003,GA.MSL.2023.513,MACROINVERTEBRATES,
DPN.MSL.2023.003,MO.MSL.2023.514,MACROINVERTEBRATES,
DPN.MSL.2023.003,OD.MSL.2023.515,MACROINVERTEBRATES,
DPN.MSL.2023.003,OD.MSL.2023.516,MACROINVERTEBRATES,
DPN.MSL.2023.003,OD.MSL.2023.517,MACROINVERTEBRATES,
DPN.MSL.2023.003,OD.MSL.2023.518,MACROINVERTEBRATES,
DPN.MSL.2023.003,OD.MSL.2023.519,MACROINVERTEBRATES,
DPN.MSL.2023.003,OD.MSL.2023.520,MACROINVERTEBRATES,
SHS.MSL.2023.005,?,MACROINVERTEBRATES,
SHS.MSL.2023.004,OD.MSL.2023.521,MACROINVERTEBRATES,
SHS.MSL.2023.004,EP.MSL.2023.522,MACROINVERTEBRATES,
SHS.MSL.2023.004,EP.MSL.2023.523,MACROINVERTEBRATES,
SHS.MSL.2023.004,AM.MSL.2023.524,MACROINVERTEBRATES,
SHS.MSL.2023.004,GA.MSL.2023.525,MACROINVERTEBRATES,
DPN.MSL.2023.004,GA.MSL.2023.526,MACROINVERTEBRATES,
DPN.MSL.2023.004,GA.MSL.2023.527,MACROINVERTEBRATES,
DPN.MSL.2023.004,GA.MSL.2023.528,MACROINVERTEBRATES,
DPN.MSL.2023.004,GA.MSL.2023.529,MACROINVERTEBRATES,
DPN.MSL.2023.004,GA.MSL.2023.530,MACROINVERTEBRATES,
DPN.MSL.2023.004,OD.MSL.2023.531,MACROINVERTEBRATES,
DPN.MSL.2023.004,OD.MSL.2023.532,MACROINVERTEBRATES,
DPN.MSL.2023.004,OD.MSL.2023.533,MACROINVERTEBRATES,
DPN.MSL.2023.004,EP.MSL.2023.534,MACROINVERTEBRATES,
DPN.MSL.2023.004,EP.MSL.2023.535,MACROINVERTEBRATES,
DPN.MSL.2023.004,EP.MSL.2023.536,MACROINVERTEBRATES,
DPN.MSL.2023.004,AM.MSL.2023.537,MACROINVERTEBRATES,
DPN.MSL.2023.004,OD.MSL.2023.538,MACROINVERTEBRATES,
DPN.MSL.2023.004,OD.MSL.2023.539,MACROINVERTEBRATES,
DPN.MSL.2023.004,OD.MSL.2023.540,MACROINVERTEBRATES,
DPN.MSL.2023.004,OD.MSL.2023.541,MACROINVERTEBRATES,
DPN.MSL.2023.004,OD.MSL.2023.542,MACROINVERTEBRATES,
DPN.MSL.2023.004,NULL.DEGRADED,MACROINVERTEBRATES,
DPN.MSL.2023.004,MO.MSL.2023.543,MACROINVERTEBRATES,
DPN.MSL.2023.004,MO.MSL.2023.544,MACROINVERTEBRATES,
DPN.MSL.2023.004,GA.MSL.2023.545,MACROINVERTEBRATES,
DPN.MSL.2023.004,OD.MSL.2023.546,MACROINVERTEBRATES,
DPN.MSL.2023.004,OD.MSL.2023.547,MACROINVERTEBRATES,
DPN.MSL.2023.004,OD.MSL.2023.548,MACROINVERTEBRATES,
SHS.MSL.2023.006,OD.MSL.2023.549,MACROINVERTEBRATES,
SHS.MSL.2023.006,GA.MSL.2023.550,MACROINVERTEBRATES,
SHS.MSL.2023.006,GA.MSL.2023.551,MACROINVERTEBRATES,
SHS.MSL.2023.006,GA.MSL.2023.552,MACROINVERTEBRATES,
DPN.MSL.2023.005,AM.MSL.2023.553,MACROINVERTEBRATES,
DPN.MSL.2023.005,NULL.DEGRADED,MACROINVERTEBRATES,
DPN.MSL.2023.005,NULL.DEGRADED,MACROINVERTEBRATES,
DPN.MSL.2023.005,EP.MSL.2023..554,MACROINVERTEBRATES,
DPN.MSL.2023.005,OD.MSL.2023.555,MACROINVERTEBRATES,
DPN.MSL.2023.005,OD.MSL.2023.556,MACROINVERTEBRATES,
DPN.MSL.2023.005,OD.MSL.2023.557,MACROINVERTEBRATES,
DPN.MSL.2023.006,OD.MSL.2023.558,MACROINVERTEBRATES,
DPN.MSL.2023.007,OD.MSL.2023.559,MACROINVERTEBRATES,
DPN.MSL.2023.007,OD.MSL.2023.560,MACROINVERTEBRATES,
DPN.MSL.2023.007,OD.MSL.2023.561,MACROINVERTEBRATES,
DPN.MSL.2023.007,OD.MSL.2023.562,MACROINVERTEBRATES,
DPN.MSL.2023.007,OD.MSL.2023.563,MACROINVERTEBRATES,
DPN.MSL.2023.007,OD.MSL.2023.564,MACROINVERTEBRATES,
DPN.MSL.2023.007,OD.MSL.2023.565,MACROINVERTEBRATES,
SHS.MSL.2023.007,EP.MSL.2023.566,MACROINVERTEBRATES,
DPN.MSL.2023.008,EP.MSL.2023.567,MACROINVERTEBRATES,
DPN.MSL.2023.008,OD.MSL.2023.568,MACROINVERTEBRATES,
DPN.MSL.2023.008,OD.MSL.2023.569,MACROINVERTEBRATES,
DPN.MSL.2023.008,OD.MSL.2023.570,MACROINVERTEBRATES,
DPN.MSL.2023.008,OD.MSL.2023.571,MACROINVERTEBRATES,
DPN.MSL.2023.008,OD.MSL.2023.572,MACROINVERTEBRATES,
DPN.MSL.2023.008,OD.MSL.2023.573,MACROINVERTEBRATES,
DPN.MSL.2023.008,OD.MSL.2023.574,MACROINVERTEBRATES,
DPN.MSL.2023.008,OD.MSL.2023.575,MACROINVERTEBRATES,
DPN.MSL.2023.008,OD.MSL.2023.576,MACROINVERTEBRATES,
DPN.MSL.2023.008,NULL.degraded,MACROINVERTEBRATES,
DPN.MSL.2023.008,OD.MSL.2023.577,MACROINVERTEBRATES,
DPN.MSL.2023.008,OD.MSL.2023.578,MACROINVERTEBRATES,
DPN.MSL.2023.008,OD.MSL.2023.579,MACROINVERTEBRATES,
SHS.MSL.2023.008,EP.MSL.2023.580,MACROINVERTEBRATES,
SHS.MSL.2023.008,EP.MSL.2023.581,MACROINVERTEBRATES,
SHS.MSL.2023.008,EP.MSL.2023.582,MACROINVERTEBRATES,
SHS.MSL.2023.008,EP.MSL.2023.583,MACROINVERTEBRATES,
SHS.MSL.2023.008,EP.MSL.2023.584,MACROINVERTEBRATES,
SHS.MSL.2023.008,EP.MSL.2023.585,MACROINVERTEBRATES,
SHS.MSL.2023.008,EP.MSL.2023.586,MACROINVERTEBRATES,
SHS.MSL.2023.009,EP.MSL.2023.587,MACROINVERTEBRATES,
SHS.MSL.2023.009,EP.MSL.2023.588,MACROINVERTEBRATES,
SHS.MSL.2023.009,EP.MSL.2023.589,MACROINVERTEBRATES,
DPN.MSL.2023.009,OD.MSL.2023.590,MACROINVERTEBRATES,
DPN.MSL.2023.009,OD.MSL.2023.591,MACROINVERTEBRATES,
DPN.MSL.2023.009,OD.MSL.2023.592,MACROINVERTEBRATES,
DPN.MSL.2023.009,NULL.DEGRADED,MACROINVERTEBRATES,
DPN.MSL.2023.009,GA.MSL.2023.593,MACROINVERTEBRATES,
DPN.MSL.2023.009,EP.MSL.2023.594,MACROINVERTEBRATES,
DPN.MSL.2023.009,NULL.DISCARDED,MACROINVERTEBRATES,
DPN.MSL.2023.009,OD.MSL.2023.595,MACROINVERTEBRATES,
DPN.MSL.2023.009,OD.MSL.2023.596,MACROINVERTEBRATES,
DPN.MSL.2023.009,OD.MSL.2023.597,MACROINVERTEBRATES,
DPN.DTL.2023.005,OD.DTL.2023.598,MACROINVERTEBRATES,
DPN.DTL.2023.005,OD.DTL.2023.599,MACROINVERTEBRATES,
DPN.DTL.2023.005,OD.DTL.2023.600,MACROINVERTEBRATES,
DPN.DTL.2023.005,AM.DTL.2023.601,MACROINVERTEBRATES,
DPN.DTL.2023.005,NULL.LOST,MACROINVERTEBRATES,
DPN.DTL.2023.005,OD.DTL.2023.602,MACROINVERTEBRATES,
SHS.DTL.2023.007,OD.DTL.2023.603,MACROINVERTEBRATES,
SHS.DTL.2023.007,CO.DTL.2023.604,MACROINVERTEBRATES,
SHS.DTL.2023.007,AM.DTL.2023.605,MACROINVERTEBRATES,
SHS.DTL.2023.007,EP.DTL.2023.606,MACROINVERTEBRATES,
SHS.DTL.2023.007,EP.DTL.2023.607,MACROINVERTEBRATES,
SHS.DTL.2023.007,EP.DTL.2023.608,MACROINVERTEBRATES,
SHS.DTL.2023.007,EP.DTL.2023.609,MACROINVERTEBRATES,
SHS.DTL.2023.007,EP.DTL.2023.610,MACROINVERTEBRATES,
DPN.DTL.2023.006,OD.DTL.2023.611,MACROINVERTEBRATES,
DPN.DTL.2023.006,OD.DTL.2023.612,MACROINVERTEBRATES,
SHS.DTL.2023.006,CO.DTL.2023.613,MACROINVERTEBRATES,
SHS.DTL.2023.006,EP.DTL.2023.614,MACROINVERTEBRATES,
SHS.DTL.2023.006,EP.DTL.2023.615,MACROINVERTEBRATES,
DPN.DTL.2023.007,OD.DTL.2023.616,MACROINVERTEBRATES,
DPN.DTL.2023.007,OD.DTL.2023.617,MACROINVERTEBRATES,
DPN.DTL.2023.007,OD.DTL.2023.618,MACROINVERTEBRATES,
DPN.DTL.2023.007,OD.DTL.2023.619,MACROINVERTEBRATES,
DPN.DTL.2023.007,OD.DTL.2023.620,MACROINVERTEBRATES,
DPN.DTL.2023.007,OD.DTL.2023.621,MACROINVERTEBRATES,
DPN.DTL.2023.007,OD.DTL.2023.622,MACROINVERTEBRATES,
DPN.DTL.2023.007,OD.DTL.2023.623,MACROINVERTEBRATES,
DPN.DTL.2023.007,OD.DTL.2023.624,MACROINVERTEBRATES,
DPN.DTL.2023.007,OD.DTL.2023.625,MACROINVERTEBRATES,
DPN.DTL.2023.007,OD.DTL.2023.626,MACROINVERTEBRATES,
DPN.DTL.2023.007,EP.DTL.2023.627,MACROINVERTEBRATES,
DPN.DTL.2023.007,OD.DTL.2023.628,MACROINVERTEBRATES,
DPN.DTL.2023.007,NULL.DEGRADED,MACROINVERTEBRATES,
DPN.DTL.2023.008,OD.DTL.2023.629,MACROINVERTEBRATES,
DPN.DTL.2023.008,OD.DTL.2023.630,MACROINVERTEBRATES,
DPN.DTL.2023.008,OD.DTL.2023.631,MACROINVERTEBRATES,
DPN.DTL.2023.008,OD.DTL.2023.632,MACROINVERTEBRATES,
DPN.DTL.2023.008,OD.DTL.2023.633,MACROINVERTEBRATES,
DPN.DTL.2023.008,OD.DTL.2023.634,MACROINVERTEBRATES,
DPN.DTL.2023.008,OD.DTL.2023.635,MACROINVERTEBRATES,
DPN.DTL.2023.008,AM.DTL.2023.636,MACROINVERTEBRATES,
SHS.DTL.2023.008,OD.DTL.2023.637,MACROINVERTEBRATES,
SHS.DTL.2023.008,ME.DTL.2023.638,MACROINVERTEBRATES,
SHS.DTL.2023.008,OD.DTL.2023.639,MACROINVERTEBRATES,
SHS.DTL.2023.008,EP.DTL.2023.640,MACROINVERTEBRATES,
SHS.DTL.2023.008,TR.DTL.2023.641,MACROINVERTEBRATES,
SHS.DTL.2023.008,DI.DTL.2023.642,MACROINVERTEBRATES,
DPN.HTL.2023.007,OD.HTL.2023.643,MACROINVERTEBRATES,
DPN.HTL.2023.007,OD.HTL.2023.644,MACROINVERTEBRATES,
DPN.HTL.2023.007,OD.HTL.2023.645,MACROINVERTEBRATES,
DPN.HTL.2023.007,AM.HTL.2023.646,MACROINVERTEBRATES,
DPN.HTL.2023.007,NULL.DEGRADED,MACROINVERTEBRATES,
DPN.HTL.2023.007,EP.HTL.2023.647,MACROINVERTEBRATES,
DPN.HTL.2023.007,OD.HTL.2023.648,MACROINVERTEBRATES,
DPN.HTL.2023.007,OD.HTL.2023.649,MACROINVERTEBRATES,
DPN.HTL.2023.007,OD.HTL.2023.650,MACROINVERTEBRATES,
DPN.HTL.2023.007,TR.HTL.2023.651,MACROINVERTEBRATES,
DPN.HTL.2023.007,NULL.DEGRADED,MACROINVERTEBRATES,
DPN.HTL.2023.008,OD.HTL.2023.652,MACROINVERTEBRATES,
DPN.HTL.2023.008,EP.HTL.2023.653,MACROINVERTEBRATES,
DPN.HTL.2023.008,AM.HTL.2023.654,MACROINVERTEBRATES,
DPN.HTL.2023.008,OD.HTL.2023.655,MACROINVERTEBRATES,
DPN.HTL.2023.008,OD.HTL.2023.656,MACROINVERTEBRATES,
DPN.HTL.2023.008,OD.HTL.2023.657,MACROINVERTEBRATES,
DPN.HTL.2023.008,OD.HTL.2023.658,MACROINVERTEBRATES,
DPN.HTL.2023.009,OD.HTL.2023.659,MACROINVERTEBRATES,
DPN.HTL.2023.009,OD.HTL.2023.660,MACROINVERTEBRATES,
DPN.HTL.2023.009,EP.HTL.2023.661,MACROINVERTEBRATES,
DPN.HTL.2023.009,EP.HTL.2023.662,MACROINVERTEBRATES,
DPN.HTL.2023.010,EP.HTL.2023.663,MACROINVERTEBRATES,
DPN.HTL.2023.010,EP.HTL.2023.664,MACROINVERTEBRATES,
DPN.HTL.2023.010,EP.HTL.2023.665,MACROINVERTEBRATES,
SHS.HTL.2023.011,MA.HTL.2023.666,MACROINVERTEBRATES,
SHS.HTL.2023.011,OD.HTL.2023.667,MACROINVERTEBRATES,
SHS.HTL.2023.011,OD.HTL.2023.668,MACROINVERTEBRATES,
SHS.HTL.2023.011,OD.HTL.2023.669,MACROINVERTEBRATES,
SHS.HTL.2023.011,EP.HTL.2023.670,MACROINVERTEBRATES,
SHS.HTL.2023.011,EP.HTL.2023.671,MACROINVERTEBRATES,
SHS.HTL.2023.011,EP.HTL.2023.672,MACROINVERTEBRATES,
SHS.HTL.2023.011,TR.HTL.2023.673,MACROINVERTEBRATES,
SHS.HTL.2023.012,OD.HTL.2023.674,MACROINVERTEBRATES,
SHS.HTL.2023.012,DI.HTL.2023.675,MACROINVERTEBRATES,
SHS.HTL.2023.012,AM.HTL.2023.676,MACROINVERTEBRATES,
SHS.HTL.2023.012,EP.HTL.2023.677,MACROINVERTEBRATES,
SHS.HTL.2023.012,EP.HTL.2023.678,MACROINVERTEBRATES,
SHS.HTL.2023.012,EP.HTL.2023.679,MACROINVERTEBRATES,
DPN.HTL.2023.014,OD.HTL.2023.680,MACROINVERTEBRATES,
DPN.HTL.2023.014,OD.HTL.2023.681,MACROINVERTEBRATES,
DPN.HTL.2023.014,OD.HTL.2023.682,MACROINVERTEBRATES,
DPN.HTL.2023.014,OD.HTL.2023.683,MACROINVERTEBRATES,
DPN.HTL.2023.014,OD.HTL.2023.684,MACROINVERTEBRATES,
DPN.HTL.2023.014,OD.HTL.2023.685,MACROINVERTEBRATES,
DPN.HTL.2023.014,OD.HTL.2023.686,MACROINVERTEBRATES,
DPN.HTL.2023.014,OD.HTL.2023.687,MACROINVERTEBRATES,
DPN.HTL.2023.013,OD.HTL.2023.688,MACROINVERTEBRATES,
DPN.HTL.2023.013,OD.HTL.2023.689,MACROINVERTEBRATES,
DPN.HTL.2023.013,OD.HTL.2023.690,MACROINVERTEBRATES,
DPN.HTL.2023.013,OD.HTL.2023.691,MACROINVERTEBRATES,
DPN.HTL.2023.013,OD.HTL.2023.692,MACROINVERTEBRATES,
DPN.HTL.2023.013,OD.HTL.2023.693,MACROINVERTEBRATES,
DPN.HTL.2023.013,OD.HTL.2023.694,MACROINVERTEBRATES,
DPN.HTL.2023.013,AM.HTL.2023.695,MACROINVERTEBRATES,
DPN.HTL.2023.013,CO.HTL.2023.696,MACROINVERTEBRATES,
DPN.HTL.2023.013,OD.HTL.2023.697,MACROINVERTEBRATES,
DPN.HTL.2023.013,OD.HTL.2023.698,MACROINVERTEBRATES,
SHS.UCL.2023.007,OD.UCL.2023.699,MACROINVERTEBRATES,
SHS.UCL.2023.007,EP.UCL.2023.700,MACROINVERTEBRATES,
SHS.UCL.2023.007,EP.UCL.2023.701,MACROINVERTEBRATES,
SHS.UCL.2023.007,EP.UCL.2023.702,MACROINVERTEBRATES,
DPN.UCL.2023.003,OD.UCL.2023.703,MACROINVERTEBRATES,
DPN.UCL.2023.003,OD.UCL.2023.704,MACROINVERTEBRATES,
DPN.UCL.2023.003,DI.UCL.2023.705,MACROINVERTEBRATES,
DPN.UCL.2023.004,OD.UCL.2023.706,MACROINVERTEBRATES,
DPN.UCL.2023.004,OD.UCL.2023.707,MACROINVERTEBRATES,
SHS.UCL.2023.008,OD.UCL.2023.708,MACROINVERTEBRATES,
SHS.UCL.2023.008,EP.UCL.2023.709,MACROINVERTEBRATES,
SHS.UCL.2023.008,EP.UCL.2023.710,MACROINVERTEBRATES,
SHS.UCL.2023.008,EP.UCL.2023.711,MACROINVERTEBRATES,
SHS.UCL.2023.008,EP.UCL.2023.712,MACROINVERTEBRATES,
SHS.UCL.2023.008,EP.UCL.2023.713,MACROINVERTEBRATES,
SHS.UCL.2023.009,NULL.Degraded,MACROINVERTEBRATES,
SHS.UCL.2023.009,EP.UCL.2023.714,MACROINVERTEBRATES,
SHS.UCL.2023.009,EP.UCL.2023.715,MACROINVERTEBRATES,
SHS.UCL.2023.009,EP.UCL.2023.716,MACROINVERTEBRATES,
SHS.UCL.2023.009,EP.UCL.2023.717,MACROINVERTEBRATES,
SHS.UCL.2023.009,EP.UCL.2023.718,MACROINVERTEBRATES,
SHS.UCL.2023.009,EP.UCL.2023.719,MACROINVERTEBRATES,
SHS.UCL.2023.009,EP.UCL.2023.720,MACROINVERTEBRATES,
SHS.LCL.2023.002,DI.LCL.2023.721,MACROINVERTEBRATES,
DPN.LCL.2023.004,OD.LCL.2023.722,MACROINVERTEBRATES,
DPN.LCL.2023.004,OD.LCL.2023.723,MACROINVERTEBRATES,
DPN.LCL.2023.004,OD.LCL.2023.724,MACROINVERTEBRATES,
DPN.LCL.2023.004,OD.LCL.2023.725,MACROINVERTEBRATES,
DPN.LCL.2023.004,OD.LCL.2023.726,MACROINVERTEBRATES,
DPN.LCL.2023.004,OD.LCL.2023.727,MACROINVERTEBRATES,
DPN.LCL.2023.004,OD.LCL.2023.728,MACROINVERTEBRATES,
DPN.LCL.2023.004,OD.LCL.2023.729,MACROINVERTEBRATES,
DPN.LCL.2023.004,OD.LCL.2023.730,MACROINVERTEBRATES,
DPN.LCL.2023.004,OD.LCL.2023.731,MACROINVERTEBRATES,
DPN.LCL.2023.004,OD.LCL.2023.732,MACROINVERTEBRATES,
DPN.LCL.2023.004,OD.LCL.2023.733,MACROINVERTEBRATES,
DPN.LCL.2023.004,NULL.DEGRADED,MACROINVERTEBRATES,
DPN.LCL.2023.005,OD.LCL.2023.734,MACROINVERTEBRATES,
DPN.LCL.2023.005,OD.LCL.2023.735,MACROINVERTEBRATES,
DPN.LCL.2023.005,OD.LCL.2023.736,MACROINVERTEBRATES,
DPN.LCL.2023.005,OD.LCL.2023.737,MACROINVERTEBRATES,
DPN.LCL.2023.005,OD.LCL.2023.738,MACROINVERTEBRATES,
DPN.LCL.2023.005,OD.LCL.2023.739,MACROINVERTEBRATES,
DPN.LCL.2023.005,OD.LCL.2023.740,MACROINVERTEBRATES,
DPN.LCL.2023.005,OD.LCL.2023.741,MACROINVERTEBRATES,
DPN.LCL.2023.005,OD.LCL.2023.742,MACROINVERTEBRATES,
DPN.LCL.2023.005,OD.LCL.2023.743,MACROINVERTEBRATES,
DPN.LCL.2023.005,OD.LCL.2023.744,MACROINVERTEBRATES,
DPN.LCL.2023.005,OD.LCL.2023.745,MACROINVERTEBRATES,
DPN.LCL.2023.005,NULL.DEGRADED,MACROINVERTEBRATES,
DPN.ECL.2023.005,OD.ECL.2023.746,MACROINVERTEBRATES,
DPN.ECL.2023.005,OD.ECL.2023.747,MACROINVERTEBRATES,
DPN.ECL.2023.005,OD.ECL.2023.748,MACROINVERTEBRATES,
DPN.ECL.2023.005,OD.ECL.2023.749,MACROINVERTEBRATES,
DPN.ECL.2023.005,OD.ECL.2023.750,MACROINVERTEBRATES,
DPN.ECL.2023.005,HE.ECL.2023.751,MACROINVERTEBRATES,
DPN.ECL.2023.005,HE.ECL.2023.752,MACROINVERTEBRATES,
DPN.ECL.2023.005,HE.ECL.2023.753,MACROINVERTEBRATES,
DPN.ECL.2023.005,HE.ECL.2023.754,MACROINVERTEBRATES,
DPN.ECL.2023.005,HE.ECL.2023.755,MACROINVERTEBRATES,
DPN.ECL.2023.005,HE.ECL.2023.756,MACROINVERTEBRATES,
DPN.ECL.2023.005,HE.ECL.2023.757,MACROINVERTEBRATES,
DPN.ECL.2023.005,HE.ECL.2023.758,MACROINVERTEBRATES,
DPN.ECL.2023.006,OD.ECL.2023.759,MACROINVERTEBRATES,
DPN.ECL.2023.006,OD.ECL.2023.760,MACROINVERTEBRATES,
DPN.ECL.2023.006,OD.ECL.2023.761,MACROINVERTEBRATES,
DPN.ECL.2023.006,OD.ECL.2023.762,MACROINVERTEBRATES,
DPN.ECL.2023.007,TR.ECL.2023.763,MACROINVERTEBRATES,
DPN.ECL.2023.007,TR.ECL.2023.764,MACROINVERTEBRATES,
DPN.ECL.2023.007,TR.ECL.2023.765,MACROINVERTEBRATES,
DPN.ECL.2023.007,OD.ECL.2023.766,MACROINVERTEBRATES,
DPN.ECL.2023.007,OD.ECL.2023.767,MACROINVERTEBRATES,
DPN.ECL.2023.007,OD.ECL.2023.768,MACROINVERTEBRATES,
DPN.ECL.2023.008,OD.ECL.2023.769,MACROINVERTEBRATES,
DPN.ECL.2023.008,OD.ECL.2023.770,MACROINVERTEBRATES,
DPN.ECL.2023.008,OD.ECL.2023.771,MACROINVERTEBRATES,
DPN.ECL.2023.008,OD.ECL.2023.772,MACROINVERTEBRATES,
DPN.ECL.2023.008,TR.ECL.2023.773,MACROINVERTEBRATES,
DPN.ECL.2023.008,TR.ECL.2023.774,MACROINVERTEBRATES,
DPN.ECL.2023.008,OD.ECL.2023.775,MACROINVERTEBRATES,
DPN.ECL.2023.008,OD.ECL.2023.776,MACROINVERTEBRATES,
DPN.ECL.2023.008,OD.ECL.2023.777,MACROINVERTEBRATES,
DPN.ECL.2023.008,OD.ECL.2023.778,MACROINVERTEBRATES,
DPN.ECL.2023.008,OD.ECL.2023.779,MACROINVERTEBRATES,
DPN.ECL.2023.008,OD.ECL.2023.780,MACROINVERTEBRATES,
SHS.ECL.2023.005,DI.ECL.2023.781,MACROINVERTEBRATES,
SHS.ECL.2023.005,OD.ECL.2023.782,MACROINVERTEBRATES,
DPN.ECL.2023.005,DI.ECLC.2023.783,MACROINVERTEBRATES,
SHS.SEL.2023.004,EP.SEL.2023.784,MACROINVERTEBRATES,
SHS.SEL.2023.004,EP.SEL.2023.785,MACROINVERTEBRATES,
SHS.SEL.2023.004,EP.SEL.2023.786,MACROINVERTEBRATES,
SHS.SEL.2023.004,EP.SEL.2023.787,MACROINVERTEBRATES,
SHS.SEL.2023.004,EP.SEL.2023.788,MACROINVERTEBRATES,
SHS.SEL.2023.004,EP.SEL.2023.789,MACROINVERTEBRATES,
SHS.SEL.2023.004,NULL DEGRADED,MACROINVERTEBRATES,
SHS.SEL.2023.004,OD.SEL.2023.791,MACROINVERTEBRATES,
DPN.SEL.2023.004,OD.SEL.2023.792,MACROINVERTEBRATES,
DPN.SEL.2023.004,OD.SEL.2023.793,MACROINVERTEBRATES,
DPN.SEL.2023.004,OD.SEL.2023.794,MACROINVERTEBRATES,
DPN.SEL.2023.004,OD.SEL.2023.795,MACROINVERTEBRATES,
DPN.SEL.2023.004,OD.SEL.2023.796,MACROINVERTEBRATES,
DPN.SEL.2023.004,OD.SEL.2023.797,MACROINVERTEBRATES,
DPN.SEL.2023.004,OD.SEL.2023.798,MACROINVERTEBRATES,
DPN.SEL.2023.004,OD.SEL.2023.799,MACROINVERTEBRATES,
DPN.SEL.2023.004,OD.SEL.2023.790,MACROINVERTEBRATES,
SHS.SEL.2023.005,EP.SEL.2023.800,MACROINVERTEBRATES,
SHS.SEL.2023.005,EP.SEL.2023.801,MACROINVERTEBRATES,
SHS.SEL.2023.005,EP.SEL.2023.802,MACROINVERTEBRATES,
SHS.SEL.2023.005,EP.SEL.2023.803,MACROINVERTEBRATES,
SHS.SEL.2023.005,EP.SEL.2023.804,MACROINVERTEBRATES,
SHS.SEL.2023.005,null,MACROINVERTEBRATES,
DPN.SEL.2023.005,ME.SEL.2023.805,MACROINVERTEBRATES,
DPN.SEL.2023.005,TR.SEL.2023.807,MACROINVERTEBRATES,
DPN.SEL.2023.006,OD.SEL.2023.808,MACROINVERTEBRATES,
DPN.SEL.2023.006,OD.SEL.2023.809,MACROINVERTEBRATES,
DPN.SEL.2023.006,OD.SEL.2023.810,MACROINVERTEBRATES,
DPN.SEL.2023.006,OD.SEL.2023.811,MACROINVERTEBRATES,
DPN.SEL.2023.007,OD.SEL.2023.812,MACROINVERTEBRATES,
DPN.SEL.2023.008,OD.SEL.2023.813,MACROINVERTEBRATES,
DPN.SEL.2023.008,OD.SEL.2023.814,MACROINVERTEBRATES,
SHS.SEL.2023.006,EP.SEL.2023.815,MACROINVERTEBRATES,
SHS.SEL.2023.006,NULL,MACROINVERTEBRATES,
SHS.SEL.2023.006,EP.SEL.2023.817,MACROINVERTEBRATES,
SHS.SEL.2023.006,EP.SEL.2023.818,MACROINVERTEBRATES,
SHS.SEL.2023.006,EP.SEL.2023.819,MACROINVERTEBRATES,
SHS.SEL.2023.006,EP.SEL.2023.820,MACROINVERTEBRATES,
SHS.SEL.2023.007,null,MACROINVERTEBRATES,
SHS.SEL.2023.007,AM.SEL.2023.821,MACROINVERTEBRATES,
SHS.SEL.2023.007,EP.SEL.2023.822,MACROINVERTEBRATES,
SHS.SEL.2023.007,EP.SEL.2023.823,MACROINVERTEBRATES,
DPN.REL.2023.004,GA.REL.2023.824,MACROINVERTEBRATES,
DPN.REL.2023.004,OD.REL.2023.825,MACROINVERTEBRATES,
DPN.REL.2023.004,OD.REL.2023.826,MACROINVERTEBRATES,
DPN.REL.2023.004,OD.REL.2023.827,MACROINVERTEBRATES,
DPN.REL.2023.004,AM.REL.2023.828,MACROINVERTEBRATES,
DPN.REL.2023.004,AM.REL.2023.829,MACROINVERTEBRATES,
DPN.REL.2023.004,AM.REL.2023.830,MACROINVERTEBRATES,
DPN.REL.2023.004,EP.REL.2023.831,MACROINVERTEBRATES,
DPN.REL.2023.004,TR.REL.2023.832,MACROINVERTEBRATES,
DPN.REL.2023.005,OD.REL.2023.833,MACROINVERTEBRATES,
DPN.REL.2023.005,GA.REL.2023.834,MACROINVERTEBRATES,
DPN.REL.2023.005,EP.REL.2023.835,MACROINVERTEBRATES,
DPN.REL.2023.005,OD.REL.2023.836,MACROINVERTEBRATES,
DPN.REL.2023.005,OD.REL.2023.837,MACROINVERTEBRATES,
DPN.REL.2023.005,OD.REL.2023.838,MACROINVERTEBRATES,
DPN.REL.2023.005,OD.REL.2023.839,MACROINVERTEBRATES,
SHS.REL.2023.005,GA.REL.2023.840,MACROINVERTEBRATES,
SHS.REL.2023.005,GA.REL.2023.841,MACROINVERTEBRATES,
SHS.REL.2023.005,AM.REL.2023.842,MACROINVERTEBRATES,
SHS.REL.2023.005,NULL,MACROINVERTEBRATES,
SHS.REL.2023.005,BI.REL.2023.843,MACROINVERTEBRATES,
SHS.REL.2023.005,BI.REL.2023.844,MACROINVERTEBRATES,
SHS.REL.2023.006,OD.REL.2023.845,MACROINVERTEBRATES,
SHS.REL.2023.006,GA.REL.2023.846,MACROINVERTEBRATES,
SHS.REL.2023.006,GA.REL.2023.847,MACROINVERTEBRATES,
SHS.REL.2023.006,AM.REL.2023.848,MACROINVERTEBRATES,
SHS.REL.2023.006,EP.REL.2023.849,MACROINVERTEBRATES,
SHS.REL.2023.006,EP.REL.2023.850,MACROINVERTEBRATES,
SHS.REL.2023.006,EP.REL.2023.851,MACROINVERTEBRATES,
SHS.REL.2023.006,EP.REL.2023.852,MACROINVERTEBRATES,
SHS.REL.2023.006,EP.REL.2023.853,MACROINVERTEBRATES,
SHS.REL.2023.006,EP.REL.2023.854,MACROINVERTEBRATES,
SHS.REL.2023.006,NULL Degraded,MACROINVERTEBRATES,
SHS.REL.2023.006,BI.REL.2023.855,MACROINVERTEBRATES,
DPN.REL.2023.007,OD.REL.2023.856,MACROINVERTEBRATES,
DPN.REL.2023.007,OD.REL.2023.857,MACROINVERTEBRATES,
DPN.REL.2023.007,OD.REL.2023.858,MACROINVERTEBRATES,
DPN.REL.2023.007,OD.REL.2023.859,MACROINVERTEBRATES,
DPN.REL.2023.007,OD.REL.2023.860,MACROINVERTEBRATES,
DPN.REL.2023.007,OD.REL.2023.861,MACROINVERTEBRATES,
DPN.REL.2023.007,AM.REL.2023.862,MACROINVERTEBRATES,
DPN.REL.2023.008,OD.REL.2023.863,MACROINVERTEBRATES,
DPN.REL.2023.008,OD.REL.2023.864,MACROINVERTEBRATES,
DPN.REL.2023.008,OD.REL.2023.865,MACROINVERTEBRATES,
DPN.REL.2023.008,OD.REL.2023.866,MACROINVERTEBRATES,
SHS.REL.2023.007,OD.REL.2023.867,MACROINVERTEBRATES,
SHS.REL.2023.007,WORM.REL.2023.868,MACROINVERTEBRATES,
SHS.REL.2023.007,OD.REL.2023.869,MACROINVERTEBRATES,
SHS.REL.2023.007,EP.REL.2023.870,MACROINVERTEBRATES,
SHS.REL.2023.008,OD.REL.2023.871,MACROINVERTEBRATES,
SHS.REL.2023.008,OD.REL.2023.872,MACROINVERTEBRATES,
SHS.REL.2023.008,OD.REL.2023.873,MACROINVERTEBRATES,
SHS.REL.2023.008,AM.REL.2023.874,MACROINVERTEBRATES,
SHS.REL.2023.008,EP.REL.2023.875,MACROINVERTEBRATES,
SHS.REL.2023.008,EP.REL.2023.876,MACROINVERTEBRATES,
SHS.REL.2023.008,EP.REL.2023.877,MACROINVERTEBRATES,
SHS.REL.2023.008,EP.REL.2023.878,MACROINVERTEBRATES,
SHS.REL.2023.008,EP.REL.2023.879,MACROINVERTEBRATES,
SHS.REL.2023.008,EP.REL.2023.880,MACROINVERTEBRATES,
SHS.REL.2023.008,EP.REL.2023.881,MACROINVERTEBRATES,
SHS.REL.2023.008,NULL DEGRADED,MACROINVERTEBRATES,
SHS.REL.2023.008,BI.REL.2023.882,MACROINVERTEBRATES,
ETL.08.2023,ANBH.ETL.SPRING.892,LEAVES,8
ETL.08.2023,BGME.ETL.SPRING.893,LEAVES,8
ETL.08.2023,RDME.ETL.SPRING.894,LEAVES,8
LML.08.2023,BGME.LML.SPRING.895,LEAVES,8
LML.08.2023,RDME.LML.SPRING.896,LEAVES,8
LML.08.2023,ANBH.LML.SPRING.897,LEAVES,8
LML.08.2023,HH.LML.SPRING.898,LEAVES,8
COM.08.2023,?,LEAVES,8
COM.08.2023,?,LEAVES,8
COM .08.2023,?,LEAVES,8
COM.06.2023,BT.COM.SPRING.915,LEAVES,6
GNL.06.2023,RDME.GNL.SPRING.900,LEAVES,6
GNL.06.2023,ANBH.GNL.SPRING.899,LEAVES,6
GNL.06.2023,BGME.GNL.SPRING.901,LEAVES,6
REL.06.2023,ANBH.REL.SPRING.902,LEAVES,6
REL.06.2023,YWBH.REL.SPRING.903,LEAVES,6
REL.06.2023,SRMP.REL.SPRING.904,LEAVES,6
UCL.06.2023,BMPR.REL.SPRING.905,LEAVES,6
UCL.06.2023,GYAR.UCL.SPRING.906,LEAVES,6
UCL.06.2023,SRBH.UCL.SPRING.907,LEAVES,6
HTL.06.2023,RDME.HTL.SPRING.908,LEAVES,6
HTL.06.2023,DYSY.HTL.SPRING.909,LEAVES,6
HTL.06.2023,GYAR.HTL.SPRING.908,LEAVES,6
SEL.06.2023,RDME.SEL.SPRING.909,LEAVES,6
SEL.06.2023,ANBH.SEL.SPRING.910,LEAVES,6
SEL.06.2023,HM.SEL.SPRING.911,LEAVES,6
ECL.06.2023,ANBH.ECL.SPRING.912,LEAVES,6
ECL.06.2023,WDSA.ECL.SPRING.913,LEAVES,6
ECL.06.2023,BGME.ECL.SPRING.914,LEAVES,6
LCL.06.2023,RDME.LCL.SPRING.891,LEAVES,6
LCL.06.2023,BKCY.LCL.SPRING.890,LEAVES,6
LCL.06.2023,BGME.LCL.SPRING.889,LEAVES,6
DTL.06.2023,RDME.DTL.SPRING.888,LEAVES,6
DTL.06.2023,SDME.DTL.SPRING.887,LEAVES,6
DTL.06.2023,BGME.MSL.SPRING.886,LEAVES,6
MSL.06.2023,SDME.MSL.SPRING.885,LEAVES,6
MSL.06.2023,AMB.MSL.SPRING.884,LEAVES,6
MSL.06.2023,BGME.MSL.SPRING.883,LEAVES,6
HTL.09.2023,RDME.HTL.FALL.916,LEAVES,9
HTL.09.2023,ANHN.HTL.FALL.917,LEAVES,9
HTL.09.2023,PRBH.HTL.FALL.918,LEAVES,9
HTL.09.2023,STBH.HTL.FALL.919,LEAVES,9
HTL.09.2023,RDME.HTL.FALL.920,LEAVES,9
HTL.09.2023,RDME.HTL.FALL.921,LEAVES,9
SEL.09.2023,NMAH.SEL.FALL.922,LEAVES,9
SEL.09.2023,WEMT.SEL.FALL.923,LEAVES,9
SEL.09.2023,ANBH.SEL.FALL.924,LEAVES,9
SEL.09.2023,RDME.SEL.FALL.925,LEAVES,9
REL.09.2023,ANBH.REL.FALL.926,LEAVES,9
REL.09.2023,ANBH.REL.FALL.927,LEAVES,9
REL.09.2023,RDME.REL.FALL.928,LEAVES,9
REL.09.2023,RDME.REL.FALL.929,LEAVES,9
DTL.09.2023,RDME.DTL.FALL.930,LEAVES,9
DTL.09.2023,RDME.DTL.FALL.931,LEAVES,9
DTL.09.2023,STBH.DTL.FALL.932,LEAVES,9
DTL.09.2023,STBH.DTL.FALL.933,LEAVES,9
UCL.09.2023,CY.UCL.FALL.934,LEAVES,9
UCL.09.2023,YWBH.UCL.FALL.935,LEAVES,9
UCL.09.2023,PRBH.UCL.FALL.936,LEAVES,9
UCL.09.2023,GYAR.UCL.FALL.937,LEAVES,9
UCL.09.2023,SDME.UCL.FALL.938,LEAVES,9
UCL.09.2023,MNME.UCL.FALL.939,LEAVES,9
UCL.09.2023,YWBH.UCL.FALL.940,LEAVES,9
ECL.09.2023,YWBH.ECL.FALL.941,LEAVES,9
ECL.09.2023,YWBH.ECL.FALL.942,LEAVES,9
ECL.09.2023,RDME.ECL.FALL.943,LEAVES,9
ECL.09.2023,RDME.ECL.FALL.944,LEAVES,9
MSL.09.2023,ANHM.MSL.FALL.945,LEAVES,9
MSL.09.2023,RDME.MSL.FALL.946,LEAVES,9
MSL.09.2023,SRME.MSL.FALL.947,LEAVES,9
MSL.09.2023,DYSY.MSL.FALL.948,LEAVES,9
MSL.09.2023,CY.MSL.FALL.949,LEAVES,9
LCL.09.2023,RDME.LCL.FALL.950,LEAVES,9
LCL.09.2023,SPLL.LCL.FALL.951,LEAVES,9
LCL.09.2023,UD.LCL.FALL.952,LEAVES,9
DTL.06.2023,BA.DTL.06.NS002.001,BENTHIC ALGAE,06
DTL.06.2023,BA.DTL.06.NS003.001,BENTHIC ALGAE,06
DTL.06.2023,BA.DTL.06.NS003.002,BENTHIC ALGAE,06
DTL.06.2023,BA.DTL.06.NS004.001,BENTHIC ALGAE,06
MSL.06.2023,BA.MSL.06.NS003.001,BENTHIC ALGAE,06
MSL.08.2023,BA.MSL.08..001,BENTHIC ALGAE,08
MSL.08.2023,BA.MSL.08..001,BENTHIC ALGAE,08
MSL.08.2023,BA.MSL.08..001,BENTHIC ALGAE,08
COM.08.2023,BA.COM.08..001,BENTHIC ALGAE,08
COM.08.2023,BA.COM.08..001,BENTHIC ALGAE,08
COM.08.2023,BA.COM.08..001,BENTHIC ALGAE,08
COM.08.2023,BA.COM.08..001,BENTHIC ALGAE,08
GNL.08.2023,BA.GNL.08.NS001.001,BENTHIC ALGAE,08
GNL.08.2023,BA.GNL.08.NS001.002,BENTHIC ALGAE,08
GNL.08.2023,BA.GNL.08.NSDOCK.001,BENTHIC ALGAE,08
GNL.08.2023,BA.GNL.08.NSDOCK.002,BENTHIC ALGAE,08
LML.08.2023,BA.LML.08.NS001.001,BENTHIC ALGAE,08
LML.08.2023,BA.LML.08.OUTLET.001,BENTHIC ALGAE,08
LML.08.2023,BA.LML.08.OUTLET.002,BENTHIC ALGAE,08
LML.08.2023,BA.LML.08.NS001.002,BENTHIC ALGAE,08
ETL.08.2023,BA.ETL.08.NS001.001,BENTHIC ALGAE,08
ETL.08.2023,BA.ETL.08.NS001.002,BENTHIC ALGAE,08
ETL.08.2023,BA.ETL.08.OUTLET.001,BENTHIC ALGAE,08
ETL.08.2023,BA.ETL.08.OUTLET.002,BENTHIC ALGAE,08
HTL.09.2023,BA.HTL.09.1A.001,BENTHIC ALGAE,09
HTL.09.2023,BA.HTL.09.1A.002,BENTHIC ALGAE,09
HTL.09.2023,BA.HTL.09.OUTLET.001,BENTHIC ALGAE,09
HTL.09.2023,BA.HTL.09.OUTLET.002,BENTHIC ALGAE,09
HTL.06.2023,BA.HTL.06.OUTLET.001,BENTHIC ALGAE,06
HTL.06.2023,BA.HTL.06.OUTLET.002,BENTHIC ALGAE,06
HTL.06.2023,BA.HTL.06..001,BENTHIC ALGAE,06
HTL.06.2023,BA.HTL.06..002,BENTHIC ALGAE,06
SEL.06.2023,BA.SEL.06.5A.001,BENTHIC ALGAE,06
SEL.06.2023,BA.SEL.06.5A.002,BENTHIC ALGAE,06
REL.06.2023,BA.REL.06.5A.001,BENTHIC ALGAE,06
REL.06.2023,BA.REL.06.5A.002,BENTHIC ALGAE,06
ECL.06.2023,BA.ECL.06.2A.001,BENTHIC ALGAE,06
HTL.06.2023,BA.HTL.06.1A.001,BENTHIC ALGAE,06
HTL.06.2023,BA.HTL.06.1A.002,BENTHIC ALGAE,06
SEL.06.2023,BA.SEL.06.2A.001,BENTHIC ALGAE,06
SEL.06.2023,BA.SEL.06.2A.002,BENTHIC ALGAE,06
REL.06.2023,BA.REL.06.1A.001,BENTHIC ALGAE,06
REL.06.2023,BA.REL.06.1A.002,BENTHIC ALGAE,06
LCL.09.2023,BA.LCL.09.1A.002,BENTHIC ALGAE,09
MSL.06.2023,BA.MSL.06.S1.001,BENTHIC ALGAE,06
MSL.06.2023,BA.MSL.06.S1.002,BENTHIC ALGAE,06
MSL.06.2023,BA.MSL.06.S4.001,BENTHIC ALGAE,06
MSL.06.2023,BA.MSL.06.S4.002,BENTHIC ALGAE,06
MSL.06.2023,BA.MSL.06.S2.001,BENTHIC ALGAE,06
MSL.06.2023,BA.MSL.06.S2.002,BENTHIC ALGAE,06
REL.09.2023,BA.REL.09.5A.001,BENTHIC ALGAE,09
REL.09.2023,BA.REL.09.5A.002,BENTHIC ALGAE,09
DTL.09.2023,BA.DTL.09.1A.001,BENTHIC ALGAE,09
SEL.10.2023,BA.SEL.10.S9.001,BENTHIC ALGAE,10
SEL.10.2023,BA.SEL.10.S9.002,BENTHIC ALGAE,10
UCL.09.2023,BA.UCL.09.2A.001,BENTHIC ALGAE,09
UCL.09.2023,BA.UCL.09.2A.002,BENTHIC ALGAE,09
LCL.06.2023,BA.LCL.06.1A.001,BENTHIC ALGAE,06
DTL.09.2023,BA.DTL.09.4A.001,BENTHIC ALGAE,09
UCL.09.2023,BA.UCL.09.OUTLET.001,BENTHIC ALGAE,09
UCL.09.2023,BA.UCL.09.OUTLET.002,BENTHIC ALGAE,09
MSL.09.2023,BA.MSL.09.2A.001,BENTHIC ALGAE,09
MSL.09.2023,BA.MSL.09.2A.002,BENTHIC ALGAE,09
UCL.06.2023,BA.UCL.06.1A.001,BENTHIC ALGAE,06
SEL.10.2023,BA.SEL.10.OUTLET.001,BENTHIC ALGAE,10
MSL.09.2023,BA.MSL.09.OUTLET.001,BENTHIC ALGAE,09
MSL.09.2023,BA.MSL.09.OUTLET.002,BENTHIC ALGAE,09
REL.09.2023,BA.REL.09.2A.001,BENTHIC ALGAE,09
REL.09.2023,BA.REL.09.2A.002,BENTHIC ALGAE,09
UCL.06.2023,BA.UCL.06.OUTLET.001,BENTHIC ALGAE,06
UCL.06.2023,BA.UCL.06.OUTLET.002,BENTHIC ALGAE,06
UCL.06.2023,BA.UCL.06.4A.001,BENTHIC ALGAE,06
UCL.06.2023,BA.UCL.06.4A.002,BENTHIC ALGAE,06
MSL.05.2023,MSL.ZOOP.1030,ZOOPLANKTON,5
MSL.05.2023,MSL.ZOOP.1031,ZOOPLANKTON,5
MSL.05.2023,MSL.ZOOP.1032,ZOOPLANKTON,5
DTL.05.2023,DTL.ZOOP.1033,ZOOPLANKTON,5
DTL.05.2023,DTL.ZOOP.1034,ZOOPLANKTON,5
MSL.05.2023,MSL.ZOOP.1035,ZOOPLANKTON,5
UCL.05.2023,UCL.ZOOP.1036,ZOOPLANKTON,5
UCL.05.2023,UCL.ZOOP.1037,ZOOPLANKTON,5
UCL.05.2023,UCL.ZOOP.1038,ZOOPLANKTON,5
COM.08.2023,COM.ZOOP.1039,ZOOPLANKTON,8
COM.08.2023,COM.ZOOP.1040,ZOOPLANKTON,8
COM.08.2023,COM.ZOOP.1041,ZOOPLANKTON,8
COM.08.2023,COM.ZOOP.1042,ZOOPLANKTON,8
COM.08.2023,COM.ZOOP.1043,ZOOPLANKTON,8
ETL.08.2023,ETL.ZOOP.1044,ZOOPLANKTON,8
ETL.08.2023,ETL.ZOOP.1045,ZOOPLANKTON,8
ETL.08.2023,ETL.ZOOP.1046,ZOOPLANKTON,8
GNL.08.2023,GNL.ZOOP.1047,ZOOPLANKTON,8
GNL.08.2023,GNL.ZOOP.1048,ZOOPLANKTON,8
GNL.08.2023,GNL.ZOOP.1049,ZOOPLANKTON,8
LML.08.2023,LML.ZOOP.1050,ZOOPLANKTON,8
LML.08.2023,LML.ZOOP.1051,ZOOPLANKTON,8
LML.08.2023,LML.ZOOP.1052,ZOOPLANKTON,8
LML.08.2023,LML.ZOOP.1053,ZOOPLANKTON,8
LML.08.2023,LML.ZOOP.1054,ZOOPLANKTON,8
LML.08.2023,LML.ZOOP.1055,ZOOPLANKTON,8
LML.08.2023,LML.ZOOP.1056,ZOOPLANKTON,8
LML.08.2023,LML.ZOOP.1057,ZOOPLANKTON,8
ECL.06.2023,ECL.ZOOP.1058,ZOOPLANKTON,6
REL.06.2023,REL.ZOOP.1059,ZOOPLANKTON,6
REL.09.2023,REL.ZOOP.1060,ZOOPLANKTON,9
LCL.09.2023,LCL.ZOOP.1061,ZOOPLANKTON,9
SEL.010.2023,SEL.ZOOP.1062,ZOOPLANKTON,10
HTL.09.2023,HTL.ZOOP.1063,ZOOPLANKTON,9
SEL.06.2023,SEL.ZOOP.1064,ZOOPLANKTON,6
SEL.06.2023,SEL.ZOOP.1065,ZOOPLANKTON,6
UCL.09.2023,UCL.ZOOP.1066,ZOOPLANKTON,9
ECL.09.2023,ECL.ZOOP.1067,ZOOPLANKTON,9
UCL.09.2023,UCL.ZOOP.1068,ZOOPLANKTON,9
ECL.09.2023,ECL.ZOOP.1069,ZOOPLANKTON,9
DTL.09.2023,DTL.ZOOP.1070,ZOOPLANKTON,9
LCL.06.2023,LCL.ZOOP.1071,ZOOPLANKTON,6
ECL.06.2023,ECL.ZOOP.1072,ZOOPLANKTON,6
DTL.09.2023,DTL.ZOOP.1073,ZOOPLANKTON,9
REL.09.2023,REL.ZOOP.1074,ZOOPLANKTON,9
MSL.09.2023,MSL.ZOOP.1075,ZOOPLANKTON,9
REL.06.2023,REL.ZOOP.1076,ZOOPLANKTON,6
HTL.09.2023,HTL.ZOOP.1077,ZOOPLANKTON,9
LCL.06.2023,LCL.ZOOP.1078,ZOOPLANKTON,6
MSL.09.2023,MSL.ZOOP.1079,ZOOPLANKTON,9
REL.09.2023,REL.ZOOP.1080,ZOOPLANKTON,9
LCL.09.2023,LCL.ZOOP.1081,ZOOPLANKTON,9
HTL.06.2023,HTL.ZOOP.1082,ZOOPLANKTON,6
HTL.06.2023,HTL.ZOOP.1083,ZOOPLANKTON,6
ETL.08.2023,BND.ETL.981,FISH,8
MSL.06.2023,NPD.MSL.982,FISH,6
GNL.08.2023,PS.GNL.983,FISH,8
GNL.08.2023,PS.GNL.984,FISH,8
GNL.08.2023,PS.GNL.985,FISH,8
GNL.08.2023,PS.GNL.986,FISH,8
GNL.08.2023,PS.GNL.987,FISH,8
SHOOT.0.2023,BB.SHOOT.988,FISH,
SHOOT.0.2023,BK.SHOOT.989,FISH,
SHOOT.0.2023,BK.SHOOT.990,FISH,
SHOOT.0.2023,BK.SHOOT.991,FISH,
UCL.06.2023,GS.UCL.992,FISH,6
UCL.06.2023,FHM.UCL.993,FISH,6
UCL.06.2023,FHM.UCL.994,FISH,6
UCL.06.2023,FHM.UCL.995,FISH,6
UCL.06.2023,FHM.UCL.996,FISH,6
UCL.06.2023,FHM.UCL.997,FISH,6
UCL.06.2023,BND.UCL.998,FISH,6
UCL.06.2023,BND.UCL.999,FISH,6
UCL.06.2023,BND.UCL.1000,FISH,6
UCL.06.2023,BND.UCL.1001,FISH,6
UCL.06.2023,BND.UCL.1002,FISH,6
DTL.06.2023,YP.DTL.1003,FISH,6
DTL.06.2023,YP.DTL.1004,FISH,6
DTL.06.2023,YP.DTL.1005,FISH,6
DTL.06.2023,YP.DTL.1006,FISH,6
DTL.06.2023,YP.DTL.1007,FISH,6
DTL.06.2023,BK.DTL.1008,FISH,6
HTL.09.2023,CC.HTL.1009,FISH,9
HTL.09.2023,CC.HTL.1010,FISH,9
HTL.09.2023,CC.HTL.1011,FISH,9
HTL.09.2023,NRD.HTL.1012,FISH,9
HTL.09.2023,NRD.HTL.1013,FISH,9
HTL.09.2023,NRD.HTL.1014,FISH,9
HTL.09.2023,NRD.HTL.1015,FISH,9
UCL.09.2023,PS.UCL.1016,FISH,9
UCL.09.2023,PS.UCL.1017,FISH,9
UCL.09.2023,PS.UCL.1018,FISH,9
UCL.09.2023,PS.UCL.1019,FISH,9
UCL.09.2023,PS.UCL.1020,FISH,9
UCL.09.2023,BND.UCL.1021,FISH,9
UCL.09.2023,CC.UCL.1022,FISH,9
UCL.09.2023,CC.UCL.1023,FISH,9
UCL.09.2023,CC.UCL.1024,FISH,9
DTL.06.2023,PS.DTL.1025,FISH,6
DTL.06.2023,PS.DTL.1026,FISH,6
DTL.06.2023,PS.DTL.1027,FISH,6
DTL.06.2023,PS.DTL.1028,FISH,6
DTL.06.2023,PS.DTL.1029,FISH,6
SEL.09.2023,PS.SEL.953,FISH,9
SEL.09.2023,PS.SEL.954,FISH,9
SEL.09.2023,PS.SEL.955,FISH,9
SEL.09.2023,PS.SEL.956,FISH,9
SEL.09.2023,PS.SEL.957,FISH,9
HTL.06.2023,GS.HTL.958,FISH,6
HTL.06.2023,GS.HTL.959,FISH,6
HTL.06.2023,GS.HTL.960,FISH,6
HTL.06.2023,GS.HTL.961,FISH,6
HTL.06.2023,GS.HTL.962,FISH,6
HTL.06.2023,GS.HTL.963,FISH,6
HTL.06.2023,GS.HTL.964,FISH,6
HTL.06.2023,NRD.HTL.965,FISH,6
HTL.06.2023,NRD.HTL.966,FISH,6
HTL.06.2023,NRD.HTL.967,FISH,6
HTL.06.2023,NRD.HTL.968,FISH,6
HTL.06.2023,NRD.HTL.969,FISH,6
HTL.06.2023,NRD.HTL.970,FISH,6
COM.08.2023,NRD.COM.971,FISH,8
COM.08.2023,NRD.COM.972,FISH,8
COM.08.2023,NRD.COM.973,FISH,8
COM.08.2023,NRD.COM.974,FISH,8
COM.08.2023,NRD.COM.975,FISH,8
COM.08.2023,CC.COM.976,FISH,8
COM.08.2023,CC.COM.977,FISH,8
COM.08.2023,CC.COM.978,FISH,8
COM.08.2023,CC.COM.979,FISH,8
COM.08.2023,CC.COM.980,FISH,8
